,depth below sea level (m),gamma ray
0,1130.9567424000002,49.015
1,1131.1091424,55.286
2,1131.2615424000003,62.804
3,1131.4139424000002,65.839
4,1131.5663424000002,70.05
5,1131.7187424,68.25
6,1131.8711424000003,64.8
7,1132.0235424000002,65.25
8,1132.1759424000002,66.6
9,1132.3283424,63.6
10,1132.4807424000003,58.062
11,1132.6331424000002,55.39
12,1132.7855424000002,52.426
13,1132.9379424,51.98
14,1133.0903424000003,55.396
15,1133.2427424000002,56.139
16,1133.3951424000002,52.129
17,1133.5475424,53.317
18,1133.6999424000003,50.347
19,1133.8523424000002,47.376
20,1134.0047424000002,44.852
21,1134.1571424,42.327
22,1134.3095424000003,45.297
23,1134.4619424000002,53.762
24,1134.6143424000002,61.97
25,1134.7667424,62.727
26,1134.9191424000003,64.546
27,1135.0715424000002,69.242
28,1135.2239424000002,72.879
29,1135.3763424,75.882
30,1135.5287424000003,86.177
31,1135.6811424000002,86.618
32,1135.8335424000002,83.529
33,1135.9859424,83.529
34,1136.1383424000003,76.029
35,1136.2907424000002,64.394
36,1136.4431424000002,56.139
37,1136.5955424,56.733
38,1136.7479424000003,63.788
39,1136.9003424000002,70.909
40,1137.0527424000002,89.853
41,1137.2051424,89.559
42,1137.3575424000003,88.235
43,1137.5099424000002,86.912
44,1137.6623424000002,87.5
45,1137.8147424000001,90.15
46,1137.9671424000003,90.3
47,1138.1195424000002,90.6
48,1138.2719424000002,94.95
49,1138.4243424000001,99.9
50,1138.5767424000003,101.1
51,1138.7291424000002,99.9
52,1138.8815424000002,91.05
53,1139.0339424000001,78.382
54,1139.1863424000003,66.667
55,1139.3387424000002,65.758
56,1139.4911424000002,74.394
57,1139.6435424000001,85.147
58,1139.7959424000003,94.8
59,1139.9483424000002,97.95
60,1140.1007424000002,96.15
61,1140.2531424000001,88.529
62,1140.4055424000003,78.088
63,1140.5579424000002,64.242
64,1140.7103424000002,52.723
65,1140.8627424000001,56.881
66,1141.0151424000003,65.152
67,1141.1675424000002,78.824
68,1141.3199424000002,100.2
69,1141.4723424000001,106.782
70,1141.6247424000003,105.149
71,1141.7771424000002,100.95
72,1141.9295424000002,102.0
73,1142.0819424000001,103.35
74,1142.2343424000003,107.822
75,1142.3867424000002,111.832
76,1142.5391424000002,109.908
77,1142.6915424000001,109.92
78,1142.8439424000003,113.668
79,1142.9963424000002,109.495
80,1143.1487424000002,99.0
81,1143.3011424000001,88.088
82,1143.4535424000003,67.727
83,1143.6059424000002,62.727
84,1143.7583424000002,69.091
85,1143.9107424000001,78.529
86,1144.0631424000003,101.4
87,1144.2155424000002,106.5
88,1144.3679424000002,101.55
89,1144.5203424000001,100.05
90,1144.6727424000003,101.4
91,1144.8251424000002,99.15
92,1144.9775424000002,97.2
93,1145.1299424000001,92.7
94,1145.2823424000003,86.177
95,1145.4347424000002,79.118
96,1145.5871424000002,68.03
97,1145.7395424000001,69.091
98,1145.8919424000003,74.394
99,1146.0443424000002,82.206
100,1146.1967424000002,91.65
101,1146.3491424000001,99.6
102,1146.5015424000003,103.35
103,1146.6539424000002,105.3
104,1146.8063424000002,105.6
105,1146.9587424000001,109.05
106,1147.1111424000003,107.4
107,1147.2635424000002,97.5
108,1147.4159424000002,78.824
109,1147.5683424000001,59.853
110,1147.7207424000003,42.03
111,1147.8731424000002,28.622
112,1148.0255424000002,24.031
113,1148.1779424000001,24.184
114,1148.3303424000003,34.753
115,1148.4827424000002,51.177
116,1148.6351424000002,68.495
117,1148.7875424000001,77.353
118,1148.9399424000003,79.706
119,1149.0923424000002,77.353
120,1149.2447424000002,70.2
121,1149.3971424000001,64.65
122,1149.5495424000003,67.95
123,1149.7019424000002,70.8
124,1149.8543424000002,73.8
125,1150.0067424000001,76.471
126,1150.1591424000003,79.265
127,1150.3115424000002,78.088
128,1150.4639424000002,75.441
129,1150.6163424000001,71.4
130,1150.7687424000003,74.4
131,1150.9211424000002,78.088
132,1151.0735424000002,83.698
133,1151.2259424000001,87.41
134,1151.3783424000003,84.505
135,1151.5307424000002,75.276
136,1151.6831424000002,58.069
137,1151.8355424000001,43.235
138,1151.9879424000003,34.412
139,1152.1403424000002,31.912
140,1152.2927424000002,35.294
141,1152.4451424000001,49.307
142,1152.5975424000003,65.455
143,1152.7499424000002,76.618
144,1152.9023424000002,93.0
145,1153.0547424000001,99.9
146,1153.2071424000003,94.05
147,1153.3595424000002,81.324
148,1153.5119424000002,64.242
149,1153.6643424000001,50.495
150,1153.8167424000003,40.294
151,1153.9691424000002,44.265
152,1154.1215424000002,53.762
153,1154.2739424000001,58.069
154,1154.4263424000003,57.921
155,1154.5787424000002,57.178
156,1154.7311424000002,54.505
157,1154.8835424000001,52.277
158,1155.0359424000003,47.97
159,1155.1883424000002,45.149
160,1155.3407424000002,37.5
161,1155.4931424000001,33.529
162,1155.6455424000003,34.118
163,1155.7979424000002,38.235
164,1155.9503424000002,40.583
165,1156.1027424000001,41.309
166,1156.2551424000003,37.452
167,1156.4075424000002,33.873
168,1156.5599424000002,30.0
169,1156.7123424000001,26.327
170,1156.8647424000003,22.041
171,1157.0171424000002,16.225
172,1157.1695424000002,13.999
173,1157.3219424000001,19.244
174,1157.4743424000003,37.378
175,1157.6267424000002,52.06
176,1157.7791424000002,65.4
177,1157.9315424000001,66.45
178,1158.0839424000003,59.851
179,1158.2363424000002,47.213
180,1158.3887424000002,36.683
181,1158.5411424000001,35.347
182,1158.6935424000003,40.099
183,1158.8459424000002,41.733
184,1158.9983424000002,44.406
185,1159.1507424000001,45.446
186,1159.3031424000003,46.634
187,1159.4555424000002,47.228
188,1159.6079424000002,42.772
189,1159.7603424000001,38.317
190,1159.9127424000003,36.386
191,1160.0651424000002,39.802
192,1160.2175424000002,45.297
193,1160.3699424000001,43.069
194,1160.5223424000003,38.317
195,1160.6747424000002,31.931
196,1160.8271424000002,25.516
197,1160.9795424000001,30.891
198,1161.1319424000003,50.978
199,1161.2843424000002,62.234
200,1161.4367424000002,66.3
201,1161.5891424000001,61.95
202,1161.7415424000003,53.55
203,1161.8939424000002,42.772
204,1162.0463424000002,31.487
205,1162.1987424000001,31.342
206,1162.3511424000003,34.932
207,1162.5035424000002,41.986
208,1162.6559424000002,63.45
209,1162.8083424000001,86.324
210,1162.9607424000003,105.297
211,1163.1131424000002,104.85
212,1163.2655424000002,94.8
213,1163.4179424000001,79.265
214,1163.5703424000003,56.584
215,1163.7227424000002,43.959
216,1163.8751424000002,44.237
217,1164.0275424000001,55.041
218,1164.1799424000003,63.074
219,1164.3323424000002,72.73
220,1164.4847424000002,79.853
221,1164.6371424000001,88.235
222,1164.7895424000003,105.6
223,1164.9419424000002,123.267
224,1165.0943424000002,131.729
225,1165.2467424000001,126.95
226,1165.3991424000003,117.818
227,1165.5515424000002,104.4
228,1165.7039424000002,91.5
229,1165.8563424000001,85.441
230,1166.0087424000003,80.882
231,1166.1611424000002,81.471
232,1166.3135424000002,82.353
233,1166.4659424000001,80.588
234,1166.6183424000003,73.636
235,1166.7707424000002,61.364
236,1166.9231424000002,46.04
237,1167.0755424000001,35.644
238,1167.2279424000003,34.455
239,1167.3803424000002,37.426
240,1167.5327424000002,46.337
241,1167.6851424000001,53.614
242,1167.8375424000003,59.257
243,1167.9899424000002,62.879
244,1168.1423424000002,66.224
245,1168.2947424000001,65.943
246,1168.4471424000003,65.065
247,1168.5995424000002,71.997
248,1168.7519424000002,81.471
249,1168.9043424000001,83.529
250,1169.0567424000003,79.265
251,1169.2091424000002,73.2
252,1169.3615424000002,60.451
253,1169.5139424000001,57.624
254,1169.6663424000003,62.717
255,1169.8187424000002,75.129
256,1169.9711424000002,77.206
257,1170.1235424000001,71.515
258,1170.2759424000003,60.152
259,1170.4283424000002,43.822
260,1170.5807424000002,39.118
261,1170.7331424000001,41.177
262,1170.8855424,42.794
263,1171.0379424000002,43.382
264,1171.1903424000002,39.706
265,1171.3427424000001,34.265
266,1171.4951424,28.454
267,1171.6475424000002,28.144
268,1171.7999424000002,44.265
269,1171.9523424000001,63.788
270,1172.1047424,76.765
271,1172.2571424000002,86.029
272,1172.4095424000002,74.091
273,1172.5619424000001,57.178
274,1172.7143424,40.588
275,1172.8667424000002,22.732
276,1173.0191424000002,18.711
277,1173.1715424000001,20.567
278,1173.3239424,29.072
279,1173.4763424000002,30.588
280,1173.6287424000002,29.381
281,1173.7811424000001,26.289
282,1173.9335424,21.34
283,1174.0859424000002,20.103
284,1174.2383424000002,28.608
285,1174.3907424000001,41.029
286,1174.5431424,52.723
287,1174.6955424000002,56.436
288,1174.8479424000002,53.317
289,1175.0003424000001,45.594
290,1175.1527424,34.412
291,1175.3051424000002,22.113
292,1175.4575424000002,23.351
293,1175.6099424000001,32.647
294,1175.7623424,43.677
295,1175.9147424000003,46.782
296,1176.0671424000002,45.743
297,1176.2195424000001,41.912
298,1176.3719424,34.706
299,1176.5243424000003,30.0
300,1176.6767424000002,31.618
301,1176.8291424000001,38.824
302,1176.9815424,49.753
303,1177.1339424000003,52.723
304,1177.2863424000002,51.683
305,1177.4387424000001,44.412
306,1177.5911424,33.088
307,1177.7435424000003,28.144
308,1177.8959424000002,27.371
309,1178.0483424000001,27.371
310,1178.2007424,25.67
311,1178.3531424000003,20.258
312,1178.5055424000002,15.177
313,1178.6579424000001,16.292
314,1178.8103424,22.472
315,1178.9627424000003,29.081
316,1179.1151424000002,34.767
317,1179.2675424000001,34.2
318,1179.4199424,33.193
319,1179.5723424000003,32.779
320,1179.7247424000002,35.588
321,1179.8771424000001,41.029
322,1180.0295424,45.297
323,1180.1819424000003,44.265
324,1180.3343424000002,39.706
325,1180.4867424000001,40.735
326,1180.6391424,48.119
327,1180.7915424000003,60.3
328,1180.9439424000002,70.2
329,1181.0963424000001,72.45
330,1181.2487424,72.15
331,1181.4011424000003,67.2
332,1181.5535424000002,65.557
333,1181.7059424000001,67.679
334,1181.8583424,71.02
335,1182.0107424000003,71.35
336,1182.1631424000002,66.806
337,1182.3155424000001,56.983
338,1182.4679424,49.132
339,1182.6203424000003,49.122
340,1182.7727424000002,56.324
341,1182.9251424000001,62.908
342,1183.0775424,63.827
343,1183.2299424000003,63.98
344,1183.3823424000002,60.0
345,1183.5347424000001,57.353
346,1183.6871424,60.153
347,1183.8395424000003,60.153
348,1183.9919424000002,52.353
349,1184.1443424000001,45.882
350,1184.2967424,31.782
351,1184.4491424000003,32.525
352,1184.6015424000002,37.574
353,1184.7539424000001,46.765
354,1184.9063424,49.412
355,1185.0587424000003,48.677
356,1185.2111424000002,40.254
357,1185.3635424000001,38.638
358,1185.5159424,46.776
359,1185.6683424000003,56.571
360,1185.8207424000002,63.3
361,1185.9731424000001,66.15
362,1186.1255424,62.25
363,1186.2779424000003,60.3
364,1186.4303424000002,65.1
365,1186.5827424000001,77.647
366,1186.7351424,99.0
367,1186.8875424000003,112.65
368,1187.0399424000002,116.7
369,1187.1923424000001,114.75
370,1187.3447424,100.65
371,1187.4971424000003,86.471
372,1187.6495424000002,75.462
373,1187.8019424000001,64.517
374,1187.9543424,60.0
375,1188.1067424000003,63.632
376,1188.2591424000002,71.97
377,1188.4115424000001,72.273
378,1188.5639424,71.061
379,1188.7163424000003,66.97
380,1188.8687424000002,62.273
381,1189.0211424000001,65.152
382,1189.1735424,70.909
383,1189.3259424000003,75.294
384,1189.4783424000002,79.706
385,1189.6307424000001,80.294
386,1189.7831424,80.588
387,1189.9355424000003,84.265
388,1190.0879424000002,85.588
389,1190.2403424000001,84.265
390,1190.3927424,81.912
391,1190.5451424000003,77.794
392,1190.6975424000002,71.515
393,1190.8499424000001,71.515
394,1191.0023424,75.735
395,1191.1547424000003,81.324
396,1191.3071424000002,88.824
397,1191.4595424000001,93.9
398,1191.6119424,99.75
399,1191.7643424000003,107.847
400,1191.9167424000002,115.5
401,1192.0691424000001,124.5
402,1192.2215424,127.35
403,1192.3739424000003,124.5
404,1192.5263424000002,111.3
405,1192.6787424000001,91.95
406,1192.8311424,76.324
407,1192.9835424000003,55.248
408,1193.1359424000002,54.654
409,1193.2883424000001,60.0
410,1193.4407424,64.697
411,1193.5931424000003,67.121
412,1193.7455424000002,68.182
413,1193.8979424000001,67.576
414,1194.0503424,76.177
415,1194.2027424000003,85.441
416,1194.3551424000002,94.8
417,1194.5075424000001,94.8
418,1194.6599424,91.5
419,1194.8123424000003,85.882
420,1194.9647424000002,76.324
421,1195.1171424000001,75.882
422,1195.2695424,81.912
423,1195.4219424000003,94.05
424,1195.5743424000002,106.65
425,1195.7267424000001,111.15
426,1195.8791424,109.35
427,1196.0315424000003,106.2
428,1196.1839424000002,110.1
429,1196.3363424000001,110.4
430,1196.4887424,110.7
431,1196.6411424000003,108.9
432,1196.7935424000002,103.5
433,1196.9459424000001,96.0
434,1197.0983424,96.9
435,1197.2507424000003,93.9
436,1197.4031424000002,83.971
437,1197.5555424000001,76.618
438,1197.7079424,69.394
439,1197.8603424000003,64.849
440,1198.0127424000002,61.061
441,1198.1651424000001,58.088
442,1198.3175424,53.677
443,1198.4699424000003,47.647
444,1198.6223424000002,44.852
445,1198.7747424000002,45.441
446,1198.9271424,48.824
447,1199.0795424000003,57.647
448,1199.2319424000002,61.364
449,1199.3843424000002,63.939
450,1199.5367424,68.03
451,1199.6891424000003,74.849
452,1199.8415424000002,85.441
453,1199.9939424000002,94.5
454,1200.1463424,108.6
455,1200.2987424000003,109.05
456,1200.4511424000002,96.6
457,1200.6035424000002,81.765
458,1200.7559424,65.214
459,1200.9083424000003,49.154
460,1201.0607424000002,35.0
461,1201.2131424000002,31.765
462,1201.3655424,32.941
463,1201.5179424000003,34.118
464,1201.6703424000002,35.147
465,1201.8227424000002,33.235
466,1201.9751424,32.5
467,1202.1275424000003,37.059
468,1202.2799424000002,64.65
469,1202.4323424000002,93.9
470,1202.5847424,150.421
471,1202.7371424000003,152.804
472,1202.8895424000002,165.0
473,1203.0419424000002,162.336
474,1203.1943424,153.645
475,1203.3467424000003,131.25
476,1203.4991424000002,110.941
477,1203.6515424000002,103.35
478,1203.8039424,100.65
479,1203.9563424000003,115.842
480,1204.1087424000002,130.8
481,1204.2611424000002,133.05
482,1204.4135424,123.0
483,1204.5659424000003,101.1
484,1204.7183424000002,81.029
485,1204.8707424000002,71.7
486,1205.0231424,77.647
487,1205.1755424000003,98.25
488,1205.3279424000002,124.8
489,1205.4803424000002,129.0
490,1205.6327424,130.8
491,1205.7851424000003,130.35
492,1205.9375424000002,127.661
493,1206.0899424000002,132.31
494,1206.2423424,136.65
495,1206.3947424000003,132.472
496,1206.5471424000002,118.352
497,1206.6995424000002,108.644
498,1206.8519424,100.911
499,1207.0043424000003,99.589
500,1207.1567424000002,99.75
501,1207.3091424000002,88.382
502,1207.4615424,72.273
503,1207.6139424000003,57.03
504,1207.7663424000002,39.505
505,1207.9187424000002,46.04
506,1208.0711424,59.406
507,1208.2235424000003,78.382
508,1208.3759424000002,83.235
509,1208.5283424000002,77.353
510,1208.6807424,64.849
511,1208.8331424000003,61.515
512,1208.9855424000002,67.576
513,1209.1379424000002,76.765
514,1209.2903424,79.118
515,1209.4427424000003,72.727
516,1209.5951424000002,65.303
517,1209.7475424000002,64.394
518,1209.8999424,72.879
519,1210.0523424000003,87.206
520,1210.2047424000002,104.85
521,1210.3571424000002,106.485
522,1210.5095424,92.25
523,1210.6619424000003,72.121
524,1210.8143424000002,47.228
525,1210.9667424000002,25.67
526,1211.1191424,21.031
527,1211.2715424000003,23.66
528,1211.4239424000002,28.763
529,1211.5763424000002,34.412
530,1211.7287424,35.735
531,1211.8811424000003,32.059
532,1212.0335424000002,33.534
533,1212.1859424000002,43.139
534,1212.3383424,57.343
535,1212.4907424000003,70.0
536,1212.6431424000002,89.706
537,1212.7955424000002,99.3
538,1212.9479424,92.85
539,1213.1003424000003,77.941
540,1213.2527424000002,54.059
541,1213.4051424000002,40.147
542,1213.5575424,26.753
543,1213.7099424000003,21.186
544,1213.8623424000002,22.887
545,1214.0147424000002,30.735
546,1214.1671424,37.5
547,1214.3195424000003,46.188
548,1214.4719424000002,55.99
549,1214.6243424000002,60.6
550,1214.7767424,65.55
551,1214.9291424000003,72.3
552,1215.0815424000002,75.61
553,1215.2339424000002,73.101
554,1215.3863424,65.585
555,1215.5387424000003,53.317
556,1215.6911424000002,41.912
557,1215.8435424000002,42.206
558,1215.9959424,50.198
559,1216.1483424000003,57.327
560,1216.3007424000002,61.667
561,1216.4531424000002,60.606
562,1216.6055424,54.208
563,1216.7579424000003,50.198
564,1216.9103424000002,54.802
565,1217.0627424000002,68.636
566,1217.2151424,83.971
567,1217.3675424000003,99.0
568,1217.5199424000002,113.168
569,1217.6723424000002,110.941
570,1217.8247424,95.25
571,1217.9771424000003,77.941
572,1218.1295424000002,48.267
573,1218.2819424000002,40.147
574,1218.4343424,31.765
575,1218.5867424000003,31.029
576,1218.7391424000002,33.088
577,1218.8915424000002,36.029
578,1219.0439424,36.471
579,1219.1963424000003,36.618
580,1219.3487424000002,40.147
581,1219.5011424000002,48.564
582,1219.6535424,61.515
583,1219.8059424000003,64.849
584,1219.9583424000002,67.273
585,1220.1107424000002,65.909
586,1220.2631424,58.218
587,1220.4155424000003,53.02
588,1220.5679424000002,50.495
589,1220.7203424000002,49.307
590,1220.8727424,50.644
591,1221.0251424000003,52.574
592,1221.1775424000002,58.218
593,1221.3299424000002,60.758
594,1221.4823424,61.818
595,1221.6347424000003,62.727
596,1221.7871424000002,61.061
597,1221.9395424000002,56.436
598,1222.0919424,51.089
599,1222.2443424000003,47.673
600,1222.3967424000002,45.891
601,1222.5491424000002,49.01
602,1222.7015424,49.307
603,1222.8539424000003,48.713
604,1223.0063424000002,47.822
605,1223.1587424000002,45.446
606,1223.3111424,42.647
607,1223.4635424000003,42.941
608,1223.6159424000002,43.088
609,1223.7683424000002,42.794
610,1223.9207424,42.206
611,1224.0731424000003,40.441
612,1224.2255424000002,38.529
613,1224.3779424000002,38.677
614,1224.5303424,42.206
615,1224.6827424000003,44.853
616,1224.8351424000002,44.135
617,1224.9875424000002,47.881
618,1225.1399424,50.294
619,1225.2923424000003,54.934
620,1225.4447424000002,58.812
621,1225.5971424000002,61.35
622,1225.7495424,60.6
623,1225.9019424000003,58.366
624,1226.0543424000002,56.139
625,1226.2067424000002,58.515
626,1226.3591424,55.693
627,1226.5115424000003,53.762
628,1226.6639424000002,51.535
629,1226.8163424000002,49.753
630,1226.9687424,46.782
631,1227.1211424000003,44.257
632,1227.2735424000002,41.589
633,1227.4259424000002,39.23
634,1227.5783424,36.883
635,1227.7307424000003,36.314
636,1227.8831424000002,35.723
637,1228.0355424000002,35.553
638,1228.1879424,36.564
639,1228.3403424000003,37.879
640,1228.4927424000002,41.584
641,1228.6451424000002,43.069
642,1228.7975424,43.663
643,1228.9499424000003,42.772
644,1229.1023424000002,42.178
645,1229.2547424000002,41.436
646,1229.4071424,42.327
647,1229.5595424000003,43.812
648,1229.7119424000002,44.852
649,1229.8643424000002,45.882
650,1230.0167424,45.441
651,1230.1691424000003,44.406
652,1230.3215424000002,43.069
653,1230.4739424000002,42.327
654,1230.6263424,41.584
655,1230.7787424000003,40.842
656,1230.9311424000002,39.809
657,1231.0835424000002,38.491
658,1231.2359424,35.85
659,1231.3883424000003,36.313
660,1231.5407424000002,38.677
661,1231.6931424000002,39.853
662,1231.8455424,43.235
663,1231.9979424000003,45.297
664,1232.1503424000002,47.228
665,1232.3027424000002,49.753
666,1232.4551424,47.822
667,1232.6075424000003,45.891
668,1232.7599424000002,43.382
669,1232.9123424000002,39.412
670,1233.0647424000001,34.706
671,1233.2171424000003,34.118
672,1233.3695424000002,32.482
673,1233.5219424000002,35.7
674,1233.6743424000001,40.264
675,1233.8267424000003,42.33
676,1233.9791424000002,43.96
677,1234.1315424000002,44.257
678,1234.2839424000001,42.475
679,1234.4363424000003,42.624
680,1234.5887424000002,42.03
681,1234.7411424000002,41.881
682,1234.8935424000001,40.99
683,1235.0459424000003,40.842
684,1235.1983424000002,41.436
685,1235.3507424000002,40.248
686,1235.5031424000001,41.287
687,1235.6555424000003,40.545
688,1235.8079424000002,41.139
689,1235.9603424000002,46.188
690,1236.1127424000001,48.416
691,1236.2651424000003,48.564
692,1236.4175424000002,47.079
693,1236.5699424000002,43.521
694,1236.7223424000001,37.621
695,1236.8747424000003,37.638
696,1237.0271424000002,37.941
697,1237.1795424000002,39.118
698,1237.3319424000001,36.912
699,1237.4843424000003,36.324
700,1237.6367424000002,35.0
701,1237.7891424000002,34.118
702,1237.9415424000001,33.677
703,1238.0939424000003,33.971
704,1238.2463424000002,35.735
705,1238.3987424000002,36.471
706,1238.5511424000001,33.971
707,1238.7035424000003,35.147
708,1238.8559424000002,34.118
709,1239.0083424000002,32.941
710,1239.1607424000001,33.529
711,1239.3131424000003,34.853
712,1239.4655424000002,34.103
713,1239.6179424000002,34.963
714,1239.7703424000001,36.713
715,1239.9227424000003,38.473
716,1240.0751424000002,42.309
717,1240.2275424000002,44.35
718,1240.3799424000001,45.5
719,1240.5323424000003,44.429
720,1240.6847424000002,40.441
721,1240.8371424000002,37.059
722,1240.9895424000001,33.824
723,1241.1419424000003,32.059
724,1241.2943424000002,31.029
725,1241.4467424000002,31.177
726,1241.5991424000001,33.088
727,1241.7515424000003,35.0
728,1241.9039424000002,35.294
729,1242.0563424000002,35.735
730,1242.2087424000001,36.029
731,1242.3611424000003,34.559
732,1242.5135424000002,33.971
733,1242.6659424000002,36.029
734,1242.8183424000001,36.177
735,1242.9707424000003,36.765
736,1243.1231424000002,37.353
737,1243.2755424000002,37.206
738,1243.4279424000001,36.471
739,1243.5803424000003,35.882
740,1243.7327424000002,35.735
741,1243.8851424000002,36.177
742,1244.0375424000001,37.794
743,1244.1899424000003,39.412
744,1244.3423424000002,41.177
745,1244.4947424000002,41.765
746,1244.6471424000001,42.206
747,1244.7995424000003,42.353
748,1244.9519424000002,42.059
749,1245.1043424000002,42.353
750,1245.2567424000001,42.206
751,1245.4091424000003,40.735
752,1245.5615424000002,39.131
753,1245.7139424000002,39.153
754,1245.8663424000001,38.731
755,1246.0187424000003,36.231
756,1246.1711424000002,33.729
757,1246.3235424000002,32.573
758,1246.4759424000001,31.274
759,1246.6283424000003,29.672
760,1246.7807424000002,31.177
761,1246.9331424000002,35.882
762,1247.0855424000001,41.324
763,1247.2379424000003,46.337
764,1247.3903424000002,53.317
765,1247.5427424000002,54.802
766,1247.6951424000001,59.555
767,1247.8475424000003,61.8
768,1247.9999424000002,67.05
769,1248.1523424000002,72.75
770,1248.3047424000001,76.471
771,1248.4571424000003,74.4
772,1248.6095424000002,65.407
773,1248.7619424000002,57.921
774,1248.9143424000001,44.706
775,1249.0667424000003,34.559
776,1249.2191424000002,28.608
777,1249.3715424000002,26.907
778,1249.5239424000001,28.454
779,1249.6763424000003,30.588
780,1249.8287424000002,32.059
781,1249.9811424000002,34.853
782,1250.1335424000001,36.177
783,1250.2859424000003,33.382
784,1250.4383424000002,32.941
785,1250.5907424000002,33.382
786,1250.7431424000001,31.912
787,1250.8955424000003,32.059
788,1251.0479424000002,30.588
789,1251.2003424000002,31.912
790,1251.3527424000001,36.177
791,1251.5051424000003,42.941
792,1251.6575424000002,54.356
793,1251.8099424000002,65.455
794,1251.9623424000001,75.147
795,1252.1147424000003,82.353
796,1252.2671424000002,88.529
797,1252.4195424000002,96.9
798,1252.5719424000001,97.8
799,1252.7243424000003,94.05
800,1252.8767424000002,84.853
801,1253.0291424000002,72.879
802,1253.1815424000001,61.364
803,1253.3339424000003,56.139
804,1253.4863424000002,55.842
805,1253.6387424000002,59.555
806,1253.7911424000001,63.485
807,1253.9435424000003,67.273
808,1254.0959424000002,71.515
809,1254.2483424000002,74.242
810,1254.4007424000001,76.471
811,1254.5531424000003,79.706
812,1254.7055424000002,81.618
813,1254.8579424000002,79.412
814,1255.0103424000001,71.364
815,1255.1627424000003,56.881
816,1255.3151424000002,43.529
817,1255.4675424000002,37.206
818,1255.6199424000001,40.882
819,1255.7723424000003,48.564
820,1255.9247424000002,53.317
821,1256.0771424000002,53.614
822,1256.2295424000001,51.98
823,1256.3819424000003,53.614
824,1256.5343424000002,55.842
825,1256.6867424000002,59.703
826,1256.8391424000001,59.257
827,1256.9915424000003,53.762
828,1257.1439424000002,46.188
829,1257.2963424000002,45.149
830,1257.4487424000001,45.149
831,1257.6011424000003,46.188
832,1257.7535424000002,51.25
833,1257.9059424000002,55.858
834,1258.0583424000001,60.455
835,1258.2107424000003,65.606
836,1258.3631424000002,66.364
837,1258.5155424000002,62.727
838,1258.6679424000001,56.471
839,1258.8203424000003,46.912
840,1258.9727424000002,40.99
841,1259.1251424000002,39.208
842,1259.2775424000001,40.545
843,1259.4299424000003,44.703
844,1259.5823424000002,51.029
845,1259.7347424000002,57.059
846,1259.8871424000001,56.618
847,1260.0395424000003,52.794
848,1260.1919424000002,49.118
849,1260.3443424000002,47.794
850,1260.4967424000001,47.206
851,1260.6491424000003,50.0
852,1260.8015424000002,53.677
853,1260.9539424000002,59.265
854,1261.1063424000001,63.485
855,1261.2587424000003,64.091
856,1261.4111424000002,62.594
857,1261.5635424000002,58.582
858,1261.7159424000001,58.17
859,1261.8683424000003,61.033
860,1262.0207424000002,64.8
861,1262.1731424000002,62.55
862,1262.3255424000001,54.802
863,1262.4779424000003,45.743
864,1262.6303424000002,36.471
865,1262.7827424000002,41.765
866,1262.9351424000001,55.545
867,1263.0875424000003,61.2
868,1263.2399424000002,63.45
869,1263.3923424000002,60.15
870,1263.5447424000001,50.495
871,1263.6971424000003,50.05
872,1263.8495424000002,60.901
873,1264.0019424000002,64.217
874,1264.1543424000001,70.568
875,1264.3067424000003,71.35
876,1264.4591424000002,63.03
877,1264.6115424000002,57.921
878,1264.7639424000001,56.584
879,1264.9163424000003,57.772
880,1265.0687424000002,66.818
881,1265.2211424000002,78.088
882,1265.3735424000001,87.5
883,1265.5259424000003,98.85
884,1265.6783424000002,110.198
885,1265.8307424000002,113.911
886,1265.9831424000001,117.772
887,1266.1355424000003,118.96
888,1266.2879424000002,116.881
889,1266.4403424000002,108.416
890,1266.5927424000001,100.35
891,1266.7451424000003,99.75
892,1266.8975424000002,102.45
893,1267.0499424000002,109.455
894,1267.2023424000001,120.9
895,1267.3547424000003,127.2
896,1267.5071424000002,119.109
897,1267.6595424000002,103.5
898,1267.8119424000001,85.882
899,1267.9643424000003,59.703
900,1268.1167424000002,30.147
901,1268.2691424000002,23.969
902,1268.4215424000001,21.34
903,1268.5739424000003,22.577
904,1268.7263424000002,29.381
905,1268.8787424000002,40.882
906,1269.0311424000001,50.941
907,1269.1835424000003,58.515
908,1269.3359424000002,63.182
909,1269.4883424000002,63.182
910,1269.6407424000001,68.636
911,1269.7931424000003,79.265
912,1269.9455424000002,98.85
913,1270.0979424000002,112.871
914,1270.2503424000001,125.4
915,1270.4027424000003,122.7
916,1270.5551424000002,115.693
917,1270.7075424000002,108.267
918,1270.8599424000001,106.04
919,1271.0123424000003,110.495
920,1271.1647424000003,112.723
921,1271.3171424000002,118.96
922,1271.4695424000001,118.218
923,1271.6219424000003,112.129
924,1271.7743424000003,108.119
925,1271.9267424000002,110.05
926,1272.0791424000001,112.277
927,1272.2315424000003,119.852
928,1272.3839424000003,118.218
929,1272.5363424000002,105.0
930,1272.6887424000001,90.45
931,1272.8411424000003,75.735
932,1272.9935424000003,51.683
933,1273.1459424000002,47.673
934,1273.2983424000001,43.529
935,1273.4507424000003,37.794
936,1273.6031424000003,31.912
937,1273.7555424000002,29.381
938,1273.9079424000001,28.299
939,1274.0603424000003,33.529
940,1274.2127424000003,34.853
941,1274.3651424000002,35.882
942,1274.5175424000001,38.529
943,1274.6699424000003,40.735
944,1274.8223424000003,47.228
945,1274.9747424000002,50.198
946,1275.1271424000001,51.832
947,1275.2795424,50.644
948,1275.4319424000003,47.079
949,1275.5843424000002,43.382
950,1275.7367424000001,39.412
951,1275.8891424,36.324
952,1276.0415424000003,33.24
953,1276.1939424000002,31.476
954,1276.3463424000001,31.036
955,1276.4987424,30.594
956,1276.6511424000003,30.297
957,1276.8035424000002,29.541
958,1276.9559424000001,26.02
959,1277.1083424,26.786
960,1277.2607424000003,27.398
961,1277.4131424000002,28.469
962,1277.5655424000001,30.297
963,1277.7179424,31.337
964,1277.8703424000003,29.388
965,1278.0227424000002,27.704
966,1278.1751424000001,28.01
967,1278.3275424,26.786
968,1278.4799424000003,24.643
969,1278.6323424000002,22.653
970,1278.7847424000001,21.582
971,1278.9371424,20.663
972,1279.0895424000003,22.489
973,1279.2419424000002,28.002
974,1279.3943424000001,37.084
975,1279.5467424,47.095
976,1279.6991424000003,67.284
977,1279.8515424000002,76.912
978,1280.0039424000001,79.706
979,1280.1563424,79.118
980,1280.3087424000003,70.2
981,1280.4611424000002,59.257
982,1280.6135424000001,50.05
983,1280.7659424,44.406
984,1280.9183424000003,43.515
985,1281.0707424000002,45.149
986,1281.2231424000001,49.753
987,1281.3755424,54.802
988,1281.5279424000003,52.574
989,1281.6803424000002,47.525
990,1281.8327424000001,41.139
991,1281.9851424,33.119
992,1282.1375424000003,29.868
993,1282.2899424000002,28.514
994,1282.4423424000001,28.397
995,1282.5947424,32.782
996,1282.7471424000003,40.588
997,1282.8995424000002,44.853
998,1283.0519424000001,47.673
999,1283.2043424,45.594
1000,1283.3567424000003,37.353
1001,1283.5091424000002,30.147
1002,1283.6615424000001,23.351
1003,1283.8139424,22.887
1004,1283.9663424000003,23.505
1005,1284.1187424000002,24.897
1006,1284.2711424000001,27.217
1007,1284.4235424,30.735
1008,1284.5759424000003,35.882
1009,1284.7283424000002,41.029
1010,1284.8807424000001,45.149
1011,1285.0331424,47.673
1012,1285.1855424000003,46.782
1013,1285.3379424000002,47.525
1014,1285.4903424000001,50.644
1015,1285.6427424,50.198
1016,1285.7951424000003,49.604
1017,1285.9475424000002,50.941
1018,1286.0999424000001,50.495
1019,1286.2523424,47.673
1020,1286.4047424000003,49.455
1021,1286.5571424000002,48.267
1022,1286.7095424000001,48.267
1023,1286.8619424,50.644
1024,1287.0143424000003,55.248
1025,1287.1667424000002,56.139
1026,1287.3191424000001,56.881
1027,1287.4715424,56.584
1028,1287.6239424000003,52.129
1029,1287.7763424000002,46.931
1030,1287.9287424000001,44.412
1031,1288.0811424,42.5
1032,1288.2335424000003,42.647
1033,1288.3859424000002,43.971
1034,1288.5383424000001,45.743
1035,1288.6907424,47.525
1036,1288.8431424000003,46.485
1037,1288.9955424000002,45.0
1038,1289.1479424000001,43.824
1039,1289.3003424,43.088
1040,1289.4527424000003,42.059
1041,1289.6051424000002,42.794
1042,1289.7575424000001,44.412
1043,1289.9099424,44.559
1044,1290.0623424000003,45.297
1045,1290.2147424000002,45.891
1046,1290.3671424000001,46.04
1047,1290.5195424,48.267
1048,1290.6719424000003,49.901
1049,1290.8243424000002,49.901
1050,1290.9767424000001,49.01
1051,1291.1291424,46.634
1052,1291.2815424000003,43.677
1053,1291.4339424000002,44.118
1054,1291.5863424000001,44.118
1055,1291.7387424,43.088
1056,1291.8911424000003,45.594
1057,1292.0435424000002,46.931
1058,1292.1959424000001,44.265
1059,1292.3483424,44.706
1060,1292.5007424000003,42.794
1061,1292.6531424000002,42.941
1062,1292.8055424000001,42.353
1063,1292.9579424,43.235
1064,1293.1103424000003,46.04
1065,1293.2627424000002,47.673
1066,1293.4151424000001,46.782
1067,1293.5675424,46.188
1068,1293.7199424000003,44.559
1069,1293.8723424000002,42.794
1070,1294.0247424000002,45.743
1071,1294.1771424,48.267
1072,1294.3295424000003,50.063
1073,1294.4819424000002,52.899
1074,1294.6343424000002,49.374
1075,1294.7867424,44.389
1076,1294.9391424000003,39.067
1077,1295.0915424000002,34.2
1078,1295.2439424000002,27.787
1079,1295.3963424,27.974
1080,1295.5487424000003,30.441
1081,1295.7011424000002,33.382
1082,1295.8535424000002,40.0
1083,1296.0059424,47.376
1084,1296.1583424000003,54.059
1085,1296.3107424000002,61.05
1086,1296.4631424000002,67.65
1087,1296.6155424,73.35
1088,1296.7679424000003,77.059
1089,1296.9203424000002,72.75
1090,1297.0727424000002,61.05
1091,1297.2251424,46.485
1092,1297.3775424000003,30.273
1093,1297.5299424000002,29.633
1094,1297.6823424000002,33.012
1095,1297.8347424,40.401
1096,1297.9871424,46.634
1097,1298.1395424,52.871
1098,1298.2919424000004,53.317
1099,1298.4443424000003,54.802
1100,1298.5967424000003,53.614
1101,1298.7491424000002,55.99
1102,1298.9015424000002,54.654
1103,1299.0539424,55.099
1104,1299.2063424,57.475
1105,1299.3587424,61.818
1106,1299.5111424000004,70.303
1107,1299.6635424000003,89.706
1108,1299.8159424000003,102.772
1109,1299.9683424000002,111.15
1110,1300.1207424000002,118.95
1111,1300.2731424,113.25
1112,1300.4255424,105.15
1113,1300.5779424,105.3
1114,1300.7303424000004,104.406
1115,1300.8827424000003,88.824
1116,1301.0351424000003,68.939
1117,1301.1875424000002,47.673
1118,1301.3399424000002,28.918
1119,1301.4923424,12.196
1120,1301.6447424,11.495
1121,1301.7971424,11.355
1122,1301.9495424000004,11.355
1123,1302.1019424000003,11.355
1124,1302.2543424000003,11.636
1125,1302.4067424000002,10.935
1126,1302.5591424000002,11.916
1127,1302.7115424,13.318
1128,1302.8639424,17.474
1129,1303.0163424,23.041
1130,1303.1687424000004,29.845
1131,1303.3211424000003,41.471
1132,1303.4735424000003,52.723
1133,1303.6259424000002,59.555
1134,1303.7783424000002,65.606
1135,1303.9307424,69.091
1136,1304.0831424,67.121
1137,1304.2355424,65.606
1138,1304.3879424000004,66.515
1139,1304.5403424000003,69.091
1140,1304.6927424000003,71.662
1141,1304.8451424000002,71.045
1142,1304.9975424000002,71.95
1143,1305.1499424,73.165
1144,1305.3023424,69.184
1145,1305.4547424,72.398
1146,1305.6071424000004,77.059
1147,1305.7595424000003,78.677
1148,1305.9119424000003,78.971
1149,1306.0643424000002,78.677
1150,1306.2167424000002,76.912
1151,1306.3691424,77.647
1152,1306.5215424,70.851
1153,1306.6739424,64.879
1154,1306.8263424000004,57.178
1155,1306.9787424000003,47.97
1156,1307.1311424000003,40.56
1157,1307.2835424000002,37.902
1158,1307.4359424000002,36.277
1159,1307.5883424,35.544
1160,1307.7407424,34.05
1161,1307.8931424,33.15
1162,1308.0455424000004,33.15
1163,1308.1979424000003,32.55
1164,1308.3503424000003,31.35
1165,1308.5027424000002,31.5
1166,1308.6551424000002,31.65
1167,1308.8075424,29.691
1168,1308.9599424,27.062
1169,1309.1123424,26.753
1170,1309.2647424000004,26.443
1171,1309.4171424000003,30.6
1172,1309.5695424000003,35.861
1173,1309.7219424000002,39.321
1174,1309.8743424000002,43.211
1175,1310.0267424,47.376
1176,1310.1791424,45.891
1177,1310.3315424,45.446
1178,1310.4839424000004,45.891
1179,1310.6363424000003,43.069
1180,1310.7887424000003,39.654
1181,1310.9411424000002,36.98
1182,1311.0935424000002,34.753
1183,1311.2459424,35.198
1184,1311.3983424,35.644
1185,1311.5507424,38.614
1186,1311.7031424000004,46.782
1187,1311.8555424000003,60.758
1188,1312.0079424000003,75.0
1189,1312.1603424000002,93.861
1190,1312.3127424000002,105.0
1191,1312.4651424,111.3
1192,1312.6175424,112.8
1193,1312.7699424,110.4
1194,1312.9223424000004,103.218
1195,1313.0747424000003,97.277
1196,1313.2271424000003,86.618
1197,1313.3795424000002,76.177
1198,1313.5319424000002,65.303
1199,1313.6843424,53.168
1200,1313.8367424,45.891
1201,1313.9891424,47.525
1202,1314.1415424000004,49.901
1203,1314.2939424000003,51.535
1204,1314.4463424000003,52.871
1205,1314.5987424000002,53.465
1206,1314.7511424000002,53.911
1207,1314.9035424,54.505
1208,1315.0559424,53.614
1209,1315.2083424,53.762
1210,1315.3607424000004,53.614
1211,1315.5131424000003,53.614
1212,1315.6655424000003,55.248
1213,1315.8179424000002,55.545
1214,1315.9703424000002,54.356
1215,1316.1227424,53.614
1216,1316.2751424,52.129
1217,1316.4275424,50.495
1218,1316.5799424000004,49.604
1219,1316.7323424000003,49.604
1220,1316.8847424000003,52.871
1221,1317.0371424000002,57.624
1222,1317.1895424000002,62.576
1223,1317.3419424,69.091
1224,1317.4943424,69.849
1225,1317.6467424,66.818
1226,1317.7991424000004,61.667
1227,1317.9515424000003,57.178
1228,1318.1039424000003,55.099
1229,1318.2563424000002,53.614
1230,1318.4087424000002,56.287
1231,1318.5611424,57.475
1232,1318.7135424,58.069
1233,1318.8659424,58.515
1234,1319.0183424000004,58.812
1235,1319.1707424000003,60.758
1236,1319.3231424000003,62.897
1237,1319.4755424000002,64.587
1238,1319.6279424000002,66.419
1239,1319.7803424,65.539
1240,1319.9327424,62.4
1241,1320.0851424,64.95
1242,1320.2375424000004,62.4
1243,1320.3899424000003,62.85
1244,1320.5423424000003,63.6
1245,1320.6947424000002,62.85
1246,1320.8471424000002,63.45
1247,1320.9995424,65.4
1248,1321.1519424,63.9
1249,1321.3043424,65.7
1250,1321.4567424000004,68.7
1251,1321.6091424000003,70.2
1252,1321.7615424000003,74.121
1253,1321.9139424000002,75.793
1254,1322.0663424000002,74.794
1255,1322.2187424,74.225
1256,1322.3711424,76.029
1257,1322.5235424,72.566
1258,1322.6759424000004,59.757
1259,1322.8283424000003,57.345
1260,1322.9807424000003,49.604
1261,1323.1331424000002,43.971
1262,1323.2855424000002,43.382
1263,1323.4379424,43.382
1264,1323.5903424,44.559
1265,1323.7427424,47.525
1266,1323.8951424000004,50.644
1267,1324.0475424000003,52.723
1268,1324.1999424000003,53.911
1269,1324.3523424000002,52.871
1270,1324.5047424000002,50.198
1271,1324.6571424,47.97
1272,1324.8095424,45.318
1273,1324.9619424,42.548
1274,1325.1143424000004,40.211
1275,1325.2667424000003,39.643
1276,1325.4191424000003,40.396
1277,1325.5715424000002,42.624
1278,1325.7239424000002,44.406
1279,1325.8763424,43.218
1280,1326.0287424,41.139
1281,1326.1811424,41.139
1282,1326.3335424000004,42.624
1283,1326.4859424000003,46.029
1284,1326.6383424000003,46.471
1285,1326.7907424000002,45.294
1286,1326.9431424000002,43.96
1287,1327.0955424,41.584
1288,1327.2479424,39.356
1289,1327.4003424,41.733
1290,1327.5527424000004,42.327
1291,1327.7051424000003,41.287
1292,1327.8575424000003,39.196
1293,1328.0099424000002,37.546
1294,1328.1623424000002,34.871
1295,1328.3147424000001,32.503
1296,1328.4671424,30.735
1297,1328.6195424,31.765
1298,1328.7719424000004,33.088
1299,1328.9243424000003,33.382
1300,1329.0767424000003,35.735
1301,1329.2291424000002,37.5
1302,1329.3815424000002,35.588
1303,1329.5339424000001,38.529
1304,1329.6863424,38.235
1305,1329.8387424,37.353
1306,1329.9911424000004,41.765
1307,1330.1435424000003,45.149
1308,1330.2959424000003,48.861
1309,1330.4483424000002,51.386
1310,1330.6007424000002,51.98
1311,1330.7531424000001,49.604
1312,1330.9055424,43.824
1313,1331.0579424,39.412
1314,1331.2103424000004,38.971
1315,1331.3627424000003,40.147
1316,1331.5151424000003,42.206
1317,1331.6675424000002,42.059
1318,1331.8199424000002,41.324
1319,1331.9723424000001,40.588
1320,1332.1247424,39.706
1321,1332.2771424,41.471
1322,1332.4295424000004,45.149
1323,1332.5819424000003,47.525
1324,1332.7343424000003,50.792
1325,1332.8867424000002,55.693
1326,1333.0391424000002,59.703
1327,1333.1915424000001,63.636
1328,1333.3439424,69.091
1329,1333.4963424,68.333
1330,1333.6487424000004,66.97
1331,1333.8011424000003,67.121
1332,1333.9535424000003,64.849
1333,1334.1059424000002,61.364
1334,1334.2583424000002,58.812
1335,1334.4107424000001,57.327
1336,1334.5631424,54.972
1337,1334.7155424,54.86
1338,1334.8679424000004,53.708
1339,1335.0203424000003,51.071
1340,1335.1727424000003,46.931
1341,1335.3251424000002,43.96
1342,1335.4775424000002,43.515
1343,1335.6299424000001,46.337
1344,1335.7823424,43.515
1345,1335.9347424,43.812
1346,1336.0871424000004,43.812
1347,1336.2395424000003,45.446
1348,1336.3919424000003,48.713
1349,1336.5443424000002,50.495
1350,1336.6967424000002,47.228
1351,1336.8491424000001,43.218
1352,1337.0015424,41.589
1353,1337.1539424,41.745
1354,1337.3063424000004,46.04
1355,1337.4587424000003,55.396
1356,1337.6111424000003,64.849
1357,1337.7635424000002,66.515
1358,1337.9159424000002,63.939
1359,1338.0683424000001,63.333
1360,1338.2207424,65.152
1361,1338.3731424,67.879
1362,1338.5255424000004,72.424
1363,1338.6779424000003,77.941
1364,1338.8303424000003,84.265
1365,1338.9827424000002,87.5
1366,1339.1351424000002,87.206
1367,1339.2875424000001,83.971
1368,1339.4399424,77.5
1369,1339.5923424,71.212
1370,1339.7447424000004,59.555
1371,1339.8971424000003,56.287
1372,1340.0495424000003,54.802
1373,1340.2019424000002,58.663
1374,1340.3543424000002,63.182
1375,1340.5067424000001,71.818
1376,1340.6591424,78.088
1377,1340.8115424,79.706
1378,1340.9639424000004,78.677
1379,1341.1163424000003,74.849
1380,1341.2687424000003,68.939
1381,1341.4211424000002,61.97
1382,1341.5735424000002,62.727
1383,1341.7259424000001,65.758
1384,1341.8783424,72.273
1385,1342.0307424,76.618
1386,1342.1831424000004,81.618
1387,1342.3355424000003,83.824
1388,1342.4879424000003,81.177
1389,1342.6403424000002,78.824
1390,1342.7927424000002,75.735
1391,1342.9451424000001,72.121
1392,1343.0975424,70.152
1393,1343.2499424,74.849
1394,1343.4023424000004,83.088
1395,1343.5547424000004,82.647
1396,1343.7071424000003,78.824
1397,1343.8595424000002,71.818
1398,1344.0119424000002,61.364
1399,1344.1643424000001,51.683
1400,1344.3167424,48.861
1401,1344.4691424,48.119
1402,1344.6215424000004,49.901
1403,1344.7739424000004,49.753
1404,1344.9263424000003,47.97
1405,1345.0787424000002,45.891
1406,1345.2311424000002,45.297
1407,1345.3835424000001,44.853
1408,1345.5359424,43.382
1409,1345.6883424,44.853
1410,1345.8407424000004,46.04
1411,1345.9931424000004,46.337
1412,1346.1455424000003,45.297
1413,1346.2979424000002,44.118
1414,1346.4503424000002,45.446
1415,1346.6027424000001,47.525
1416,1346.7551424,45.446
1417,1346.9075424,51.832
1418,1347.0599424000004,54.951
1419,1347.2123424000004,54.802
1420,1347.3647424000003,56.436
1421,1347.5171424000002,56.139
1422,1347.6695424000002,54.208
1423,1347.8219424000001,53.02
1424,1347.9743424,53.317
1425,1348.1267424,54.505
1426,1348.2791424000004,57.921
1427,1348.4315424000004,59.852
1428,1348.5839424000003,63.03
1429,1348.7363424000002,65.0
1430,1348.8887424000002,64.546
1431,1349.0411424000001,64.242
1432,1349.1935424,64.697
1433,1349.3459424,66.212
1434,1349.4983424000004,70.455
1435,1349.6507424000004,75.294
1436,1349.8031424000003,80.441
1437,1349.9555424000002,85.147
1438,1350.1079424000002,88.235
1439,1350.2603424000001,86.912
1440,1350.4127424,86.471
1441,1350.5651424,84.853
1442,1350.7175424000004,82.353
1443,1350.8699424000004,78.677
1444,1351.0223424000003,71.667
1445,1351.1747424000002,69.394
1446,1351.3271424000002,66.212
1447,1351.4795424000001,69.546
1448,1351.6319424,75.441
1449,1351.7843424,81.618
1450,1351.9367424000004,83.382
1451,1352.0891424000004,80.147
1452,1352.2415424000003,75.588
1453,1352.3939424000002,76.177
1454,1352.5463424000002,80.735
1455,1352.6987424000001,92.85
1456,1352.8511424,101.7
1457,1353.0035424,108.416
1458,1353.1559424000004,107.228
1459,1353.3083424000004,105.743
1460,1353.4607424000003,105.743
1461,1353.6131424000002,105.743
1462,1353.7655424000002,106.485
1463,1353.9179424000001,109.307
1464,1354.0703424,109.455
1465,1354.2227424,108.861
1466,1354.3751424000004,108.416
1467,1354.5275424000004,109.01
1468,1354.6799424000003,109.753
1469,1354.8323424000002,109.901
1470,1354.9847424000002,110.644
1471,1355.1371424000001,113.911
1472,1355.2895424,115.693
1473,1355.4419424,115.693
1474,1355.5943424000004,118.663
1475,1355.7467424000004,117.03
1476,1355.8991424000003,113.179
1477,1356.0515424000002,109.771
1478,1356.2039424000002,106.196
1479,1356.3563424000001,104.25
1480,1356.5087424,105.0
1481,1356.6611424,106.65
1482,1356.8135424000004,109.5
1483,1356.9659424000004,112.35
1484,1357.1183424000003,111.6
1485,1357.2707424000002,114.45
1486,1357.4231424000002,114.45
1487,1357.5755424000001,112.35
1488,1357.7279424,106.65
1489,1357.8803424,98.25
1490,1358.0327424000004,85.588
1491,1358.1851424000004,77.353
1492,1358.3375424000003,73.03
1493,1358.4899424000002,76.471
1494,1358.6423424000002,79.265
1495,1358.7947424000001,80.588
1496,1358.9471424,78.382
1497,1359.0995424,74.394
1498,1359.2519424000004,68.939
1499,1359.4043424000004,67.121
1500,1359.5567424000003,69.091
1501,1359.7091424000002,71.667
1502,1359.8615424000002,74.242
1503,1360.0139424000001,75.588
1504,1360.1663424,80.735
1505,1360.3187424,85.882
1506,1360.4711424000004,91.8
1507,1360.6235424000004,101.25
1508,1360.7759424000003,110.25
1509,1360.9283424000002,108.3
1510,1361.0807424000002,106.2
1511,1361.2331424000001,104.7
1512,1361.3855424,102.75
1513,1361.5379424,100.35
1514,1361.6903424000004,102.9
1515,1361.8427424000004,107.25
1516,1361.9951424000003,111.75
1517,1362.1475424000002,112.2
1518,1362.2999424000002,109.05
1519,1362.4523424000001,104.1
1520,1362.6047424,91.65
1521,1362.7571424,85.0
1522,1362.9095424000004,86.765
1523,1363.0619424000004,85.882
1524,1363.2143424000003,94.05
1525,1363.3667424000002,106.05
1526,1363.5191424000002,112.65
1527,1363.6715424000001,115.05
1528,1363.8239424,115.05
1529,1363.9763424,109.5
1530,1364.1287424000004,104.7
1531,1364.2811424000004,102.45
1532,1364.4335424000003,103.35
1533,1364.5859424000002,104.7
1534,1364.7383424000002,108.75
1535,1364.8907424000001,109.5
1536,1365.0431424,108.6
1537,1365.1955424,106.8
1538,1365.3479424000004,103.65
1539,1365.5003424000004,102.45
1540,1365.6527424000003,105.0
1541,1365.8051424000002,103.95
1542,1365.9575424000002,104.85
1543,1366.1099424000001,106.95
1544,1366.2623424,109.2
1545,1366.4147424,113.25
1546,1366.5671424000004,111.15
1547,1366.7195424000004,108.75
1548,1366.8719424000003,107.1
1549,1367.0243424000003,106.35
1550,1367.1767424000002,105.75
1551,1367.3291424000001,107.4
1552,1367.4815424,109.95
1553,1367.6339424,109.2
1554,1367.7863424000004,108.45
1555,1367.9387424000004,107.25
1556,1368.0911424000003,103.95
1557,1368.2435424000003,104.25
1558,1368.3959424000002,105.15
1559,1368.5483424000001,103.8
1560,1368.7007424,100.65
1561,1368.8531424,97.8
1562,1369.0055424000004,95.85
1563,1369.1579424000004,91.95
1564,1369.3103424000003,99.3
1565,1369.4627424000003,108.0
1566,1369.6151424000002,109.2
1567,1369.7675424000001,107.25
1568,1369.9199424,103.35
1569,1370.0723424,100.5
1570,1370.2247424000004,99.3
1571,1370.3771424000004,99.0
1572,1370.5295424000003,97.22
1573,1370.6819424000003,94.706
1574,1370.8343424000002,89.8
1575,1370.9867424000001,85.571
1576,1371.1391424,83.235
1577,1371.2915424,81.912
1578,1371.4439424000004,81.765
1579,1371.5963424000004,84.265
1580,1371.7487424000003,87.941
1581,1371.9011424000003,92.1
1582,1372.0535424000002,96.45
1583,1372.2059424000001,93.9
1584,1372.3583424,91.95
1585,1372.5107424,98.4
1586,1372.6631424000004,96.3
1587,1372.8155424000004,96.9
1588,1372.9679424000003,101.25
1589,1373.1203424000003,97.05
1590,1373.2727424000002,92.7
1591,1373.4251424000001,91.35
1592,1373.5775424,78.235
1593,1373.7299424,65.0
1594,1373.8823424000004,58.366
1595,1374.0347424000004,60.303
1596,1374.1871424000003,63.333
1597,1374.3395424000003,68.03
1598,1374.4919424000002,73.03
1599,1374.6443424000001,69.546
1600,1374.7967424,65.303
1601,1374.9491424,65.303
1602,1375.1015424000004,65.303
1603,1375.2539424000004,64.849
1604,1375.4063424000003,63.485
1605,1375.5587424000003,57.624
1606,1375.7111424000002,51.98
1607,1375.8635424000001,49.307
1608,1376.0159424,51.089
1609,1376.1683424,54.356
1610,1376.3207424000004,58.663
1611,1376.4731424000004,61.515
1612,1376.6255424000003,63.333
1613,1376.7779424000003,63.939
1614,1376.9303424000002,65.303
1615,1377.0827424000001,68.636
1616,1377.2351424,68.636
1617,1377.3875424,69.849
1618,1377.5399424000004,70.909
1619,1377.6923424000004,70.455
1620,1377.8447424000003,66.212
1621,1377.9971424000003,64.546
1622,1378.1495424000002,61.818
1623,1378.3019424000001,55.99
1624,1378.4543424,56.436
1625,1378.6067424,57.475
1626,1378.7591424000004,57.624
1627,1378.9115424000004,57.921
1628,1379.0639424000003,57.475
1629,1379.2163424000003,56.436
1630,1379.3687424000002,55.099
1631,1379.5211424000001,54.505
1632,1379.6735424,56.287
1633,1379.8259424,54.654
1634,1379.9783424,55.545
1635,1380.1307424000004,57.03
1636,1380.2831424000003,55.099
1637,1380.4355424000003,55.842
1638,1380.5879424000002,54.356
1639,1380.7403424000001,55.248
1640,1380.8927424,61.515
1641,1381.0451424,71.515
1642,1381.1975424,87.206
1643,1381.3499424000004,102.9
1644,1381.5023424000003,113.1
1645,1381.6547424000003,115.95
1646,1381.8071424000002,121.8
1647,1381.9595424000001,120.3
1648,1382.1119424,121.95
1649,1382.2643424,120.75
1650,1382.4167424,117.75
1651,1382.5691424000004,113.7
1652,1382.7215424000003,103.95
1653,1382.8739424000003,104.25
1654,1383.0263424000002,102.9
1655,1383.1787424000001,102.6
1656,1383.3311424,107.4
1657,1383.4835424,106.35
1658,1383.6359424,105.0
1659,1383.7883424000004,103.8
1660,1383.9407424000003,105.45
1661,1384.0931424000003,107.55
1662,1384.2455424000002,110.25
1663,1384.3979424000001,114.0
1664,1384.5503424,117.15
1665,1384.7027424,115.35
1666,1384.8551424,113.85
1667,1385.0075424000004,111.75
1668,1385.1599424000003,108.75
1669,1385.3123424000003,106.35
1670,1385.4647424000002,106.05
1671,1385.6171424000001,104.55
1672,1385.7695424,107.568
1673,1385.9219424,108.196
1674,1386.0743424,109.268
1675,1386.2267424000004,110.632
1676,1386.3791424000003,111.683
1677,1386.5315424000003,112.723
1678,1386.6839424000002,114.951
1679,1386.8363424000001,118.96
1680,1386.9887424,120.3
1681,1387.1411424,117.921
1682,1387.2935424,118.366
1683,1387.4459424000004,114.356
1684,1387.5983424000003,111.98
1685,1387.7507424000003,112.426
1686,1387.9031424000002,113.911
1687,1388.0555424000001,116.733
1688,1388.2079424,119.406
1689,1388.3603424,117.475
1690,1388.5127424,119.555
1691,1388.6651424000004,115.545
1692,1388.8175424000003,111.535
1693,1388.9699424000003,111.535
1694,1389.1223424000002,107.376
1695,1389.2747424000002,100.35
1696,1389.4271424,97.2
1697,1389.5795424,93.3
1698,1389.7319424,93.3
1699,1389.8843424000004,95.25
1700,1390.0367424000003,97.05
1701,1390.1891424000003,101.1
1702,1390.3415424000002,104.25
1703,1390.4939424000002,105.0
1704,1390.6463424,103.2
1705,1390.7987424,99.3
1706,1390.9511424,97.05
1707,1391.1035424000004,94.35
1708,1391.2559424000003,92.55
1709,1391.4083424000003,96.15
1710,1391.5607424000002,98.25
1711,1391.7131424000002,99.0
1712,1391.8655424,100.35
1713,1392.0179424,103.95
1714,1392.1703424,107.822
1715,1392.3227424000004,111.535
1716,1392.4751424000003,115.693
1717,1392.6275424000003,116.287
1718,1392.7799424000002,111.98
1719,1392.9323424000002,108.713
1720,1393.0847424,106.485
1721,1393.2371424,108.119
1722,1393.3895424,109.901
1723,1393.5419424000004,110.941
1724,1393.6943424000003,108.564
1725,1393.8467424000003,103.35
1726,1393.9991424000002,98.4
1727,1394.1515424000002,98.85
1728,1394.3039424,99.9
1729,1394.4563424,104.1
1730,1394.6087424,107.525
1731,1394.7611424000004,113.317
1732,1394.9135424000003,114.951
1733,1395.0659424000003,114.505
1734,1395.2183424000002,118.069
1735,1395.3707424000002,117.624
1736,1395.5231424,110.792
1737,1395.6755424,112.723
1738,1395.8279424,111.98
1739,1395.9803424000004,109.307
1740,1396.1327424000003,110.941
1741,1396.2851424000003,109.753
1742,1396.4375424000002,108.564
1743,1396.5899424000002,109.901
1744,1396.7423424,112.723
1745,1396.8947424,112.277
1746,1397.0471424,111.386
1747,1397.1995424000004,108.713
1748,1397.3519424000003,104.7
1749,1397.5043424000003,100.8
1750,1397.6567424000002,94.2
1751,1397.8091424000002,78.529
1752,1397.9615424,62.253
1753,1398.1139424,50.198
1754,1398.2663424,44.112
1755,1398.4187424000004,52.574
1756,1398.5711424000003,80.441
1757,1398.7235424000003,98.168
1758,1398.8759424000002,115.05
1759,1399.0283424000002,122.228
1760,1399.1807424,124.604
1761,1399.3331424,121.634
1762,1399.4855424,115.35
1763,1399.6379424000004,104.852
1764,1399.7903424000003,94.307
1765,1399.9427424000003,86.912
1766,1400.0951424000002,84.559
1767,1400.2475424000002,90.743
1768,1400.3999424,98.614
1769,1400.5523424,102.03
1770,1400.7047424,106.35
1771,1400.8571424000004,106.95
1772,1401.0095424000003,110.7
1773,1401.1619424000003,114.9
1774,1401.3143424000002,118.95
1775,1401.4667424000002,123.713
1776,1401.6191424,124.604
1777,1401.7715424,121.782
1778,1401.9239424,118.65
1779,1402.0763424000004,113.85
1780,1402.2287424000003,108.45
1781,1402.3811424000003,103.218
1782,1402.5335424000002,105.45
1783,1402.6859424000002,103.663
1784,1402.8383424,108.3
1785,1402.9907424,109.65
1786,1403.1431424,110.25
1787,1403.2955424000004,111.0
1788,1403.4479424000003,112.05
1789,1403.6003424000003,111.9
1790,1403.7527424000002,109.35
1791,1403.9051424000002,105.45
1792,1404.0575424,103.515
1793,1404.2099424,104.852
1794,1404.3623424,108.0
1795,1404.5147424000004,109.5
1796,1404.6671424000003,109.515
1797,1404.8195424000003,109.541
1798,1404.9719424000002,109.417
1799,1405.1243424000002,109.294
1800,1405.2767424,108.119
1801,1405.4291424,107.376
1802,1405.5815424,106.188
1803,1405.7339424000004,103.5
1804,1405.8863424000003,99.6
1805,1406.0387424000003,97.8
1806,1406.1911424000002,97.2
1807,1406.3435424000002,94.5
1808,1406.4959424,97.65
1809,1406.6483424,102.0
1810,1406.8007424,100.35
1811,1406.9531424000004,102.45
1812,1407.1055424000003,98.1
1813,1407.2579424000003,97.95
1814,1407.4103424000002,99.75
1815,1407.5627424000002,103.35
1816,1407.7151424,105.0
1817,1407.8675424,106.188
1818,1408.0199424,108.119
1819,1408.1723424000004,103.5
1820,1408.3247424000003,101.1
1821,1408.4771424000003,104.25
1822,1408.6295424000002,107.079
1823,1408.7819424000002,107.228
1824,1408.9343424,106.485
1825,1409.0867424,105.297
1826,1409.2391424,97.2
1827,1409.3915424000004,95.4
1828,1409.5439424000003,99.75
1829,1409.6963424000003,100.8
1830,1409.8487424000002,104.4
1831,1410.0011424000002,105.149
1832,1410.1535424,103.8
1833,1410.3059424,100.5
1834,1410.4583424,93.9
1835,1410.6107424000004,82.941
1836,1410.7631424000003,63.653
1837,1410.9155424000003,56.368
1838,1411.0679424000002,57.135
1839,1411.2203424000002,63.437
1840,1411.3727424,72.0
1841,1411.5251424,82.353
1842,1411.6775424,84.559
1843,1411.8299424000004,85.147
1844,1411.9823424000003,86.177
1845,1412.1347424000003,88.971
1846,1412.2871424000002,93.0
1847,1412.4395424000002,99.75
1848,1412.5919424,106.188
1849,1412.7443424,113.465
1850,1412.8967424,114.951
1851,1413.0491424000004,109.604
1852,1413.2015424000003,102.154
1853,1413.3539424000003,93.495
1854,1413.5063424000002,89.064
1855,1413.6587424000002,93.699
1856,1413.8111424,99.951
1857,1413.9635424,104.257
1858,1414.1159424,103.515
1859,1414.2683424000004,101.584
1860,1414.4207424000003,102.178
1861,1414.5731424000003,107.25
1862,1414.7255424000002,120.743
1863,1414.8779424000002,150.561
1864,1415.0303424,151.262
1865,1415.1827424,151.262
1866,1415.3351424,140.7
1867,1415.4875424000004,131.436
1868,1415.6399424000003,121.485
1869,1415.7923424000003,123.861
1870,1415.9447424000002,130.842
1871,1416.0971424000002,149.569
1872,1416.2495424,152.223
1873,1416.4019424,154.713
1874,1416.5543424,155.097
1875,1416.7067424000004,154.363
1876,1416.8591424000003,147.15
1877,1417.0115424000003,140.55
1878,1417.1639424000002,133.366
1879,1417.3163424000002,130.248
1880,1417.4687424,128.911
1881,1417.6211424,127.277
1882,1417.7735424,114.3
1883,1417.9259424000004,100.248
1884,1418.0783424000003,89.559
1885,1418.2307424000003,92.525
1886,1418.3831424000002,108.6
1887,1418.5355424000002,123.564
1888,1418.6879424,135.6
1889,1418.8403424,135.0
1890,1418.9927424,125.05
1891,1419.1451424000004,114.75
1892,1419.2975424000003,108.45
1893,1419.4499424000003,109.5
1894,1419.6023424000002,112.95
1895,1419.7547424000002,117.15
1896,1419.9071424,127.871
1897,1420.0595424,131.436
1898,1420.2119424,132.475
1899,1420.3643424000004,133.366
1900,1420.5167424000003,127.277
1901,1420.6691424000003,121.04
1902,1420.8215424000002,115.65
1903,1420.9739424000002,108.3
1904,1421.1263424,110.25
1905,1421.2787424,113.85
1906,1421.4311424,119.85
1907,1421.5835424000004,126.089
1908,1421.7359424000003,125.644
1909,1421.8883424000003,123.861
1910,1422.0407424000002,121.634
1911,1422.1931424000002,117.75
1912,1422.3455424,114.9
1913,1422.4979424,116.7
1914,1422.6503424,117.75
1915,1422.8027424000004,119.25
1916,1422.9551424000003,120.297
1917,1423.1075424000003,117.15
1918,1423.2599424000002,118.2
1919,1423.4123424000002,118.65
1920,1423.5647424000001,117.0
1921,1423.7171424,117.0
1922,1423.8695424,115.05
1923,1424.0219424000004,110.55
1924,1424.1743424000003,110.25
1925,1424.3267424000003,109.35
1926,1424.4791424000002,108.45
1927,1424.6315424000002,110.4
1928,1424.7839424000001,117.45
1929,1424.9363424,121.485
1930,1425.0887424,126.683
1931,1425.2411424000004,131.584
1932,1425.3935424000003,129.059
1933,1425.5459424000003,130.396
1934,1425.6983424000002,134.109
1935,1425.8507424000002,131.733
1936,1426.0031424000001,127.871
1937,1426.1555424,122.228
1938,1426.3079424,114.15
1939,1426.4603424000004,110.55
1940,1426.6127424000003,110.4
1941,1426.7651424000003,111.75
1942,1426.9175424000002,117.9
1943,1427.0699424000002,124.901
1944,1427.2223424000001,127.871
1945,1427.3747424,127.277
1946,1427.5271424,129.059
1947,1427.6795424000004,128.465
1948,1427.8319424000003,121.188
1949,1427.9843424000003,118.8
1950,1428.1367424000002,114.15
1951,1428.2891424000002,108.75
1952,1428.4415424000001,109.344
1953,1428.5939424,112.77
1954,1428.7463424,117.223
1955,1428.8987424000004,118.829
1956,1429.0511424000003,114.073
1957,1429.2035424000003,109.92
1958,1429.3559424000002,103.5
1959,1429.5083424000002,102.9
1960,1429.6607424000001,102.75
1961,1429.8131424,104.85
1962,1429.9655424,107.25
1963,1430.1179424000004,110.4
1964,1430.2703424000003,108.15
1965,1430.4227424000003,106.65
1966,1430.5751424000002,107.4
1967,1430.7275424000002,108.45
1968,1430.8799424000001,111.15
1969,1431.0323424,112.2
1970,1431.1847424,113.85
1971,1431.3371424000004,117.3
1972,1431.4895424000003,122.7
1973,1431.6419424000003,118.954
1974,1431.7943424000002,119.702
1975,1431.9467424000002,119.703
1976,1432.0991424000001,113.762
1977,1432.2515424,109.307
1978,1432.4039424,106.931
1979,1432.5563424000004,102.75
1980,1432.7087424000003,97.2
1981,1432.8611424000003,98.1
1982,1433.0135424000002,102.3
1983,1433.1659424000002,106.634
1984,1433.3183424000001,107.822
1985,1433.4707424,107.079
1986,1433.6231424,104.85
1987,1433.7755424000004,106.188
1988,1433.9279424000003,107.525
1989,1434.0803424000003,108.861
1990,1434.2327424000002,108.267
1991,1434.3851424000002,106.782
1992,1434.5375424000001,106.485
1993,1434.6899424,107.97
1994,1434.8423424,109.753
1995,1434.9947424000004,111.238
1996,1435.1471424000003,109.753
1997,1435.2995424000003,106.634
1998,1435.4519424000002,102.0
1999,1435.6043424000002,96.15
2000,1435.7567424000001,92.85
2001,1435.9091424,91.5
2002,1436.0615424,93.45
2003,1436.2139424000004,100.05
2004,1436.3663424000003,102.6
2005,1436.5187424000003,99.45
2006,1436.6711424000002,94.8
2007,1436.8235424000002,88.382
2008,1436.9759424000001,82.206
2009,1437.1283424,82.059
2010,1437.2807424,87.794
2011,1437.4331424000004,95.25
2012,1437.5855424000003,102.3
2013,1437.7379424000003,102.9
2014,1437.8903424000002,99.3
2015,1438.0427424000002,93.3
2016,1438.1951424000001,88.824
2017,1438.3475424,86.912
2018,1438.4999424,83.971
2019,1438.6523424000004,86.471
2020,1438.8047424000004,91.5
2021,1438.9571424000003,95.25
2022,1439.1095424000002,99.3
2023,1439.2619424000002,97.05
2024,1439.4143424000001,99.15
2025,1439.5667424,94.65
2026,1439.7191424,96.9
2027,1439.8715424000004,96.15
2028,1440.0239424000004,95.7
2029,1440.1763424000003,96.3
2030,1440.3287424000002,98.4
2031,1440.4811424000002,101.25
2032,1440.6335424000001,107.079
2033,1440.7859424,109.307
2034,1440.9383424,108.861
2035,1441.0907424000004,109.604
2036,1441.2431424000004,111.247
2037,1441.3955424000003,109.622
2038,1441.5479424000002,108.587
2039,1441.7003424000002,106.798
2040,1441.8527424000001,104.7
2041,1442.0051424,107.25
2042,1442.1575424,111.75
2043,1442.3099424000004,115.8
2044,1442.4623424000004,120.3
2045,1442.6147424000003,122.7
2046,1442.7671424000002,123.3
2047,1442.9195424000002,126.15
2048,1443.0719424000001,126.9
2049,1443.2243424,125.25
2050,1443.3767424,123.6
2051,1443.5291424000004,120.9
2052,1443.6815424000004,119.85
2053,1443.8339424000003,120.0
2054,1443.9863424000002,120.6
2055,1444.1387424000002,121.5
2056,1444.2911424000001,123.75
2057,1444.4435424,127.2
2058,1444.5959424,127.5
2059,1444.7483424000004,126.3
2060,1444.9007424000004,128.55
2061,1445.0531424000003,124.2
2062,1445.2055424000002,118.95
2063,1445.3579424000002,115.95
2064,1445.5103424000001,106.95
2065,1445.6627424,104.4
2066,1445.8151424,101.85
2067,1445.9675424000004,97.65
2068,1446.1199424000004,93.9
2069,1446.2723424000003,94.95
2070,1446.4247424000002,100.2
2071,1446.5771424000002,105.3
2072,1446.7295424000001,104.422
2073,1446.8819424,104.609
2074,1447.0343424,100.896
2075,1447.1867424000004,95.982
2076,1447.3391424000004,97.05
2077,1447.4915424000003,101.85
2078,1447.6439424000002,108.713
2079,1447.7963424000002,107.525
2080,1447.9487424000001,110.198
2081,1448.1011424,111.683
2082,1448.2535424,108.119
2083,1448.4059424000004,106.485
2084,1448.5583424000004,105.446
2085,1448.7107424000003,100.2
2086,1448.8631424000002,101.25
2087,1449.0155424000002,100.5
2088,1449.1679424000001,97.8
2089,1449.3203424,98.4
2090,1449.4727424,95.25
2091,1449.6251424000004,95.55
2092,1449.7775424000004,101.85
2093,1449.9299424000003,103.35
2094,1450.0823424000002,109.158
2095,1450.2347424000002,112.871
2096,1450.3871424000001,110.495
2097,1450.5395424,110.05
2098,1450.6919424,112.129
2099,1450.8443424000004,111.386
2100,1450.9967424000004,109.901
2101,1451.1491424000003,110.495
2102,1451.3015424000002,110.941
2103,1451.4539424000002,108.119
2104,1451.6063424000001,106.04
2105,1451.7587424,106.485
2106,1451.9111424,107.673
2107,1452.0635424000004,107.673
2108,1452.2159424000004,110.198
2109,1452.3683424000003,109.307
2110,1452.5207424000002,108.713
2111,1452.6731424000002,112.277
2112,1452.8255424000001,116.881
2113,1452.9779424,116.436
2114,1453.1303424,121.5
2115,1453.2827424000004,121.2
2116,1453.4351424000004,115.396
2117,1453.5875424000003,109.604
2118,1453.7399424000002,105.149
2119,1453.8923424000002,100.35
2120,1454.0447424000001,97.2
2121,1454.1971424,100.5
2122,1454.3495424,105.149
2123,1454.5019424000004,108.713
2124,1454.6543424000004,109.604
2125,1454.8067424000003,108.713
2126,1454.9591424000002,107.822
2127,1455.1115424000002,105.297
2128,1455.2639424000001,101.25
2129,1455.4163424,102.6
2130,1455.5687424,103.8
2131,1455.7211424000004,102.75
2132,1455.8735424000004,106.337
2133,1456.0259424000003,108.713
2134,1456.1783424000002,105.0
2135,1456.3307424000002,105.0
2136,1456.4831424000001,105.743
2137,1456.6355424,107.376
2138,1456.7879424,106.782
2139,1456.9403424000004,107.079
2140,1457.0927424000004,108.267
2141,1457.2451424000003,111.98
2142,1457.3975424000002,113.614
2143,1457.5499424000002,116.881
2144,1457.7023424000001,116.139
2145,1457.8547424,115.396
2146,1458.0071424,114.802
2147,1458.1595424000004,111.535
2148,1458.3119424000004,113.317
2149,1458.4643424000003,114.951
2150,1458.6167424000002,113.762
2151,1458.7691424000002,115.99
2152,1458.9215424000001,114.37
2153,1459.0739424,112.753
2154,1459.2263424,111.875
2155,1459.3787424000004,111.743
2156,1459.5311424000004,111.0
2157,1459.6835424000003,110.25
2158,1459.8359424000002,109.65
2159,1459.9883424000002,114.75
2160,1460.1407424000001,120.743
2161,1460.2931424,120.0
2162,1460.4455424,121.931
2163,1460.5979424000004,121.634
2164,1460.7503424000004,118.65
2165,1460.9027424000003,115.35
2166,1461.0551424000002,113.55
2167,1461.2075424000002,113.25
2168,1461.3599424000001,112.05
2169,1461.5123424,116.4
2170,1461.6647424,118.65
2171,1461.8171424000004,119.7
2172,1461.9695424000004,115.8
2173,1462.1219424000003,117.0
2174,1462.2743424000003,113.4
2175,1462.4267424000002,112.95
2176,1462.5791424000001,117.15
2177,1462.7315424,119.25
2178,1462.8839424,120.446
2179,1463.0363424000004,122.228
2180,1463.1887424000004,117.75
2181,1463.3411424000003,116.4
2182,1463.4935424000003,110.55
2183,1463.6459424000002,105.15
2184,1463.7983424000001,98.168
2185,1463.9507424,92.228
2186,1464.1031424,87.206
2187,1464.2555424000004,90.149
2188,1464.4079424000004,97.426
2189,1464.5603424000003,102.772
2190,1464.7127424000003,107.85
2191,1464.8651424000002,109.95
2192,1465.0175424000001,107.25
2193,1465.1699424,108.45
2194,1465.3223424,111.3
2195,1465.4747424000004,108.3
2196,1465.6271424000004,105.471
2197,1465.7795424000003,102.523
2198,1465.9319424000003,95.53
2199,1466.0843424000002,94.495
2200,1466.2367424000001,97.65
2201,1466.3891424,99.15
2202,1466.5415424,104.25
2203,1466.6939424000004,103.35
2204,1466.8463424000004,99.45
2205,1466.9987424000003,96.0
2206,1467.1511424000003,91.2
2207,1467.3035424000002,93.45
2208,1467.4559424000001,94.5
2209,1467.6083424,97.8
2210,1467.7607424,101.4
2211,1467.9131424000004,102.3
2212,1468.0655424000004,105.297
2213,1468.2179424000003,110.05
2214,1468.3703424000003,113.317
2215,1468.5227424000002,113.317
2216,1468.6751424000001,108.416
2217,1468.8275424,108.267
2218,1468.9799424,106.188
2219,1469.1323424000004,108.713
2220,1469.2847424000004,119.852
2221,1469.4371424000003,120.9
2222,1469.5895424000003,121.35
2223,1469.7419424000002,124.05
2224,1469.8943424000001,124.95
2225,1470.0467424,123.45
2226,1470.1991424,122.25
2227,1470.3515424000004,124.8
2228,1470.5039424000004,128.55
2229,1470.6563424000003,132.3
2230,1470.8087424000003,139.05
2231,1470.9611424000002,139.65
2232,1471.1135424000001,131.4
2233,1471.2659424,124.2
2234,1471.4183424,117.178
2235,1471.5707424000004,116.287
2236,1471.7231424000004,117.178
2237,1471.8755424000003,122.25
2238,1472.0279424000003,124.05
2239,1472.1803424000002,121.65
2240,1472.3327424000001,119.109
2241,1472.4851424,116.139
2242,1472.6375424,110.644
2243,1472.7899424000004,110.347
2244,1472.9423424000004,108.416
2245,1473.0947424000003,108.416
2246,1473.2471424000003,113.317
2247,1473.3995424000002,115.99
2248,1473.5519424000001,118.663
2249,1473.7043424,123.0
2250,1473.8567424,127.05
2251,1474.0091424000004,128.4
2252,1474.1615424000004,133.95
2253,1474.3139424000003,131.85
2254,1474.4663424000003,130.05
2255,1474.6187424000002,129.0
2256,1474.7711424000001,127.35
2257,1474.9235424,128.85
2258,1475.0759424,124.65
2259,1475.2283424000004,119.703
2260,1475.3807424000004,116.584
2261,1475.5331424000003,117.03
2262,1475.6855424000003,120.0
2263,1475.8379424000002,126.0
2264,1475.9903424000001,124.8
2265,1476.1427424,126.15
2266,1476.2951424,124.95
2267,1476.4475424000004,123.3
2268,1476.5999424000004,123.9
2269,1476.7523424000003,124.05
2270,1476.9047424000003,121.95
2271,1477.0571424000002,123.15
2272,1477.2095424000001,116.006
2273,1477.3619424,109.324
2274,1477.5143424,105.448
2275,1477.6667424000004,98.309
2276,1477.8191424000004,98.02
2277,1477.9715424000003,99.356
2278,1478.1239424000003,102.03
2279,1478.2763424000002,105.9
2280,1478.4287424000001,109.65
2281,1478.5811424,112.95
2282,1478.7335424,115.2
2283,1478.8859424000004,117.3
2284,1479.0383424000004,119.1
2285,1479.1907424000003,117.6
2286,1479.3431424000003,120.594
2287,1479.4955424000002,120.0
2288,1479.6479424000001,122.525
2289,1479.8003424,124.307
2290,1479.9527424,122.376
2291,1480.1051424000004,118.5
2292,1480.2575424000004,114.75
2293,1480.4099424000003,110.25
2294,1480.5623424000003,106.65
2295,1480.7147424000002,105.75
2296,1480.8671424000001,104.703
2297,1481.0195424,106.05
2298,1481.1719424,108.6
2299,1481.3243424000004,111.75
2300,1481.4767424000004,116.7
2301,1481.6291424000003,120.149
2302,1481.7815424000003,120.594
2303,1481.9339424000002,117.6
2304,1482.0863424000001,117.6
2305,1482.2387424,115.65
2306,1482.3911424,109.65
2307,1482.5435424000004,105.45
2308,1482.6959424000004,108.75
2309,1482.8483424000003,111.9
2310,1483.0007424000003,114.9
2311,1483.1531424000002,115.65
2312,1483.3055424000001,114.3
2313,1483.4579424,111.45
2314,1483.6103424,107.25
2315,1483.7627424,106.05
2316,1483.9151424000004,111.3
2317,1484.0675424000003,111.15
2318,1484.2199424000003,112.65
2319,1484.3723424000002,115.65
2320,1484.5247424000002,117.15
2321,1484.6771424,118.2
2322,1484.8295424,121.04
2323,1484.9819424,121.931
2324,1485.1343424000004,119.1
2325,1485.2867424000003,117.9
2326,1485.4391424000003,115.2
2327,1485.5915424000002,115.65
2328,1485.7439424000002,119.4
2329,1485.8963424,125.198
2330,1486.0487424,130.99
2331,1486.2011424,133.663
2332,1486.3535424000004,130.099
2333,1486.5059424000003,124.901
2334,1486.6583424000003,117.6
2335,1486.8107424000002,110.4
2336,1486.9631424000002,101.153
2337,1487.1155424,101.777
2338,1487.2679424,102.254
2339,1487.4203424,101.086
2340,1487.5727424000004,104.4
2341,1487.7251424000003,107.079
2342,1487.8775424000003,109.455
2343,1488.0299424000002,113.168
2344,1488.1823424000002,110.347
2345,1488.3347424,107.822
2346,1488.4871424,107.822
2347,1488.6395424,106.04
2348,1488.7919424000004,107.228
2349,1488.9443424000003,110.495
2350,1489.0967424000003,110.644
2351,1489.2491424000002,112.129
2352,1489.4015424000002,114.208
2353,1489.5539424,116.436
2354,1489.7063424,117.624
2355,1489.8587424,118.812
2356,1490.0111424000004,117.772
2357,1490.1635424000003,115.248
2358,1490.3159424000003,114.505
2359,1490.4683424000002,117.624
2360,1490.6207424000002,116.287
2361,1490.7731424,118.663
2362,1490.9255424,119.406
2363,1491.0779424,118.812
2364,1491.2303424000004,115.545
2365,1491.3827424000003,114.802
2366,1491.5351424000003,112.277
2367,1491.6875424000002,108.564
2368,1491.8399424000002,108.861
2369,1491.9923424,109.307
2370,1492.1447424,110.941
2371,1492.2971424,115.248
2372,1492.4495424000004,121.35
2373,1492.6019424000003,125.1
2374,1492.7543424000003,126.15
2375,1492.9067424000002,127.2
2376,1493.0591424000002,123.9
2377,1493.2115424,122.85
2378,1493.3639424,122.25
2379,1493.5163424,122.55
2380,1493.6687424000004,124.8
2381,1493.8211424000003,125.85
2382,1493.9735424000003,124.05
2383,1494.1259424000002,124.2
2384,1494.2783424000002,123.6
2385,1494.4307424,117.327
2386,1494.5831424,112.426
2387,1494.7355424,109.455
2388,1494.8879424000004,107.228
2389,1495.0403424000003,107.376
2390,1495.1927424000003,108.861
2391,1495.3451424000002,109.01
2392,1495.4975424000002,106.782
2393,1495.6499424,106.782
2394,1495.8023424,106.782
2395,1495.9547424,106.931
2396,1496.1071424000004,107.082
2397,1496.2595424000003,106.342
2398,1496.4119424000003,105.598
2399,1496.5643424000002,108.446
2400,1496.7167424000002,107.85
2401,1496.8691424,110.7
2402,1497.0215424,112.05
2403,1497.1739424,112.5
2404,1497.3263424000004,114.75
2405,1497.4787424000003,117.75
2406,1497.6311424000003,114.3
2407,1497.7835424000002,114.9
2408,1497.9359424000002,112.35
2409,1498.0883424,114.0
2410,1498.2407424,113.25
2411,1498.3931424,109.8
2412,1498.5455424000004,106.22
2413,1498.6979424000003,103.557
2414,1498.8503424000003,98.346
2415,1499.0027424000002,99.732
2416,1499.1551424000002,103.2
2417,1499.3075424,106.337
2418,1499.4599424,110.495
2419,1499.6123424,114.356
2420,1499.7647424000004,115.099
2421,1499.9171424000003,116.139
2422,1500.0695424000003,119.555
2423,1500.2219424000002,121.5
2424,1500.3743424000002,119.257
2425,1500.5267424,121.65
2426,1500.6791424,122.25
2427,1500.8315424,122.25
2428,1500.9839424000004,120.45
2429,1501.1363424000003,122.7
2430,1501.2887424000003,124.95
2431,1501.4411424000002,127.65
2432,1501.5935424000002,132.0
2433,1501.7459424,135.0
2434,1501.8983424,132.3
2435,1502.0507424,132.0
2436,1502.2031424000004,127.5
2437,1502.3555424000003,119.257
2438,1502.5079424000003,111.832
2439,1502.6603424000002,109.604
2440,1502.8127424000002,109.753
2441,1502.9651424,110.05
2442,1503.1175424,115.396
2443,1503.2699424,111.683
2444,1503.4223424000004,107.376
2445,1503.5747424000003,106.634
2446,1503.7271424000003,110.644
2447,1503.8795424000002,116.733
2448,1504.0319424000002,122.4
2449,1504.1843424,120.0
2450,1504.3367424,111.386
2451,1504.4891424,99.15
2452,1504.6415424000004,90.6
2453,1504.7939424000003,83.824
2454,1504.9463424000003,77.206
2455,1505.0987424000002,71.667
2456,1505.2511424000002,64.242
2457,1505.4035424,57.327
2458,1505.5559424,47.822
2459,1505.7083424,46.782
2460,1505.8607424000004,43.529
2461,1506.0131424000003,44.265
2462,1506.1655424000003,45.297
2463,1506.3179424000002,45.446
2464,1506.4703424000002,43.677
2465,1506.6227424,40.588
2466,1506.7751424,38.971
2467,1506.9275424,38.235
2468,1507.0799424000004,47.97
2469,1507.2323424000003,61.212
2470,1507.3847424000003,82.647
2471,1507.5371424000002,105.743
2472,1507.6895424000002,120.6
2473,1507.8419424,120.6
2474,1507.9943424,117.624
2475,1508.1467424,115.099
2476,1508.2991424000004,116.304
2477,1508.4515424000003,117.226
2478,1508.6039424000003,118.152
2479,1508.7563424000002,116.387
2480,1508.9087424000002,116.85
2481,1509.0611424,116.4
2482,1509.2135424,115.05
2483,1509.3659424,120.75
2484,1509.5183424000004,123.15
2485,1509.6707424000003,124.65
2486,1509.8231424000003,121.5
2487,1509.9755424000002,111.3
2488,1510.1279424000002,102.6
2489,1510.2803424,95.1
2490,1510.4327424,89.412
2491,1510.5851424,89.706
2492,1510.7375424000004,92.25
2493,1510.8899424000003,89.118
2494,1511.0423424000003,80.588
2495,1511.1947424000002,69.091
2496,1511.3471424000002,54.356
2497,1511.4995424,46.485
2498,1511.6519424,45.446
2499,1511.8043424,50.198
2500,1511.9567424000004,56.881
2501,1512.1091424000003,66.515
2502,1512.2615424000003,76.177
2503,1512.4139424000002,79.853
2504,1512.5663424000002,83.529
2505,1512.7187424,81.471
2506,1512.8711424,76.324
2507,1513.0235424,76.029
2508,1513.1759424000004,79.118
2509,1513.3283424000003,80.0
2510,1513.4807424000003,80.882
2511,1513.6331424000002,81.177
2512,1513.7855424000002,82.5
2513,1513.9379424,86.765
2514,1514.0903424,94.95
2515,1514.2427424,101.55
2516,1514.3951424000004,106.95
2517,1514.5475424000003,110.85
2518,1514.6999424000003,113.1
2519,1514.8523424000002,114.15
2520,1515.0047424000002,115.2
2521,1515.1571424,116.55
2522,1515.3095424,115.8
2523,1515.4619424,113.7
2524,1515.6143424000004,117.0
2525,1515.7667424000003,114.75
2526,1515.9191424000003,113.55
2527,1516.0715424000002,101.55
2528,1516.2239424000002,86.765
2529,1516.3763424,80.147
2530,1516.5287424,73.788
2531,1516.6811424,74.394
2532,1516.8335424000004,81.324
2533,1516.9859424000003,89.265
2534,1517.1383424000003,99.6
2535,1517.2907424000002,101.4
2536,1517.4431424000002,97.8
2537,1517.5955424,91.8
2538,1517.7479424,87.206
2539,1517.9003424,83.824
2540,1518.0527424000004,88.235
2541,1518.2051424000003,94.95
2542,1518.3575424000003,104.1
2543,1518.5099424000002,112.35
2544,1518.6623424000002,121.8
2545,1518.8147424000001,125.25
2546,1518.9671424,125.55
2547,1519.1195424,125.25
2548,1519.2719424000004,123.6
2549,1519.4243424000003,120.45
2550,1519.5767424000003,121.35
2551,1519.7291424000002,120.15
2552,1519.8815424000002,117.753
2553,1520.0339424000001,114.771
2554,1520.1863424,110.163
2555,1520.3387424,107.659
2556,1520.4911424000004,105.743
2557,1520.6435424000003,104.4
2558,1520.7959424000003,105.446
2559,1520.9483424000002,110.941
2560,1521.1007424000002,115.248
2561,1521.2531424000001,116.436
2562,1521.4055424,120.9
2563,1521.5579424,123.3
2564,1521.7103424000004,123.9
2565,1521.8627424000003,123.0
2566,1522.0151424000003,120.45
2567,1522.1675424000002,124.65
2568,1522.3199424000002,130.2
2569,1522.4723424000001,131.4
2570,1522.6247424,133.2
2571,1522.7771424,126.45
2572,1522.9295424000004,113.168
2573,1523.0819424000003,97.35
2574,1523.2343424000003,76.177
2575,1523.3867424000002,63.182
2576,1523.5391424000002,54.059
2577,1523.6915424000001,48.861
2578,1523.8439424,48.713
2579,1523.9963424,48.713
2580,1524.1487424000004,42.206
2581,1524.3011424000003,40.735
2582,1524.4535424000003,40.294
2583,1524.6059424000002,40.0
2584,1524.7583424000002,42.941
2585,1524.9107424000001,44.265
2586,1525.0631424,46.188
2587,1525.2155424,48.416
2588,1525.3679424000004,50.792
2589,1525.5203424000003,51.386
2590,1525.6727424000003,51.98
2591,1525.8251424000002,50.941
2592,1525.9775424000002,50.655
2593,1526.1299424000001,49.79
2594,1526.2823424,46.864
2595,1526.4347424,46.307
2596,1526.5871424000004,51.912
2597,1526.7395424000003,52.794
2598,1526.8919424000003,55.441
2599,1527.0443424000002,60.0
2600,1527.1967424000002,59.853
2601,1527.3491424000001,57.794
2602,1527.5015424,59.118
2603,1527.6539424,57.794
2604,1527.8063424000004,58.677
2605,1527.9587424000003,63.939
2606,1528.1111424000003,70.152
2607,1528.2635424000002,77.353
2608,1528.4159424000002,87.206
2609,1528.5683424000001,94.35
2610,1528.7207424,98.4
2611,1528.8731424,101.4
2612,1529.0255424000004,104.7
2613,1529.1779424000003,109.01
2614,1529.3303424000003,114.505
2615,1529.4827424000002,116.881
2616,1529.6351424000002,109.901
2617,1529.7875424000001,96.9
2618,1529.9399424,78.677
2619,1530.0923424,55.676
2620,1530.2447424000004,40.693
2621,1530.3971424000003,37.426
2622,1530.5495424000003,34.901
2623,1530.7019424000002,36.238
2624,1530.8543424000002,42.327
2625,1531.0067424000001,45.743
2626,1531.1591424,48.713
2627,1531.3115424,54.059
2628,1531.4639424000004,62.7
2629,1531.6163424000003,75.735
2630,1531.7687424000003,92.1
2631,1531.9211424000002,113.317
2632,1532.0735424000002,117.342
2633,1532.2259424000001,107.385
2634,1532.3783424,87.595
2635,1532.5307424,69.534
2636,1532.6831424000004,50.941
2637,1532.8355424000003,35.735
2638,1532.9879424000003,31.765
2639,1533.1403424000002,26.753
2640,1533.2927424000002,28.454
2641,1533.4451424000001,32.059
2642,1533.5975424,36.029
2643,1533.7499424,53.02
2644,1533.9023424000004,69.546
2645,1534.0547424000004,87.059
2646,1534.2071424000003,98.4
2647,1534.3595424000002,104.85
2648,1534.5119424000002,107.97
2649,1534.6643424000001,107.97
2650,1534.8167424,108.267
2651,1534.9691424,107.673
2652,1535.1215424000004,106.931
2653,1535.2739424000004,108.416
2654,1535.4263424000003,109.455
2655,1535.5787424000002,108.267
2656,1535.7311424000002,110.347
2657,1535.8835424000001,112.723
2658,1536.0359424,114.654
2659,1536.1883424,117.178
2660,1536.3407424000004,122.85
2661,1536.4931424000004,124.95
2662,1536.6455424000003,128.1
2663,1536.7979424000002,133.2
2664,1536.9503424000002,134.25
2665,1537.1027424000001,133.2
2666,1537.2551424,121.65
2667,1537.4075424,103.65
2668,1537.5599424000004,92.85
2669,1537.7123424000004,87.5
2670,1537.8647424000003,85.882
2671,1538.0171424000002,94.95
2672,1538.1695424000002,94.779
2673,1538.3219424000001,86.562
2674,1538.4743424,75.347
2675,1538.6267424,63.793
2676,1538.7791424000004,51.774
2677,1538.9315424000004,45.148
2678,1539.0839424000003,39.687
2679,1539.2363424000002,42.792
2680,1539.3887424000002,64.2
2681,1539.5411424000001,88.677
2682,1539.6935424,106.2
2683,1539.8459424,115.2
2684,1539.9983424000004,110.1
2685,1540.1507424000004,97.35
2686,1540.3031424000003,84.853
2687,1540.4555424000002,84.118
2688,1540.6079424000002,88.235
2689,1540.7603424000001,94.65
2690,1540.9127424,102.45
2691,1541.0651424,106.95
2692,1541.2175424000004,111.312
2693,1541.3699424000004,118.058
2694,1541.5223424000003,123.45
2695,1541.6747424000002,123.6
2696,1541.8271424000002,119.555
2697,1541.9795424000001,120.6
2698,1542.1319424,114.654
2699,1542.2843424,105.743
2700,1542.4367424000004,98.1
2701,1542.5891424000004,89.853
2702,1542.7415424000003,81.471
2703,1542.8939424000002,73.636
2704,1543.0463424000002,65.455
2705,1543.1987424000001,57.624
2706,1543.3511424,51.683
2707,1543.5035424,49.158
2708,1543.6559424000004,49.604
2709,1543.8083424000004,51.535
2710,1543.9607424000003,55.545
2711,1544.1131424000002,59.257
2712,1544.2655424000002,60.455
2713,1544.4179424000001,57.921
2714,1544.5703424,54.654
2715,1544.7227424,48.861
2716,1544.8751424000004,51.229
2717,1545.0275424000004,50.474
2718,1545.1799424000003,50.166
2719,1545.3323424000002,49.27
2720,1545.4847424000002,46.029
2721,1545.6371424000001,39.802
2722,1545.7895424,41.436
2723,1545.9419424,40.099
2724,1546.0943424000004,42.475
2725,1546.2467424000004,47.353
2726,1546.3991424000003,48.529
2727,1546.5515424000002,48.971
2728,1546.7039424000002,51.471
2729,1546.8563424000001,53.529
2730,1547.0087424,53.824
2731,1547.1611424,53.529
2732,1547.3135424000004,59.706
2733,1547.4659424000004,64.898
2734,1547.6183424000003,64.898
2735,1547.7707424000002,61.684
2736,1547.9231424000002,53.982
2737,1548.0755424000001,46.476
2738,1548.2279424,37.621
2739,1548.3803424,35.724
2740,1548.5327424000004,39.706
2741,1548.6851424000004,44.706
2742,1548.8375424000003,48.416
2743,1548.9899424000002,55.99
2744,1549.1423424000002,71.212
2745,1549.2947424000001,88.971
2746,1549.4471424,112.723
2747,1549.5995424,127.35
2748,1549.7519424000004,140.55
2749,1549.9043424000004,143.1
2750,1550.0567424000003,142.35
2751,1550.2091424000002,137.1
2752,1550.3615424000002,129.3
2753,1550.5139424000001,120.0
2754,1550.6663424,109.307
2755,1550.8187424,90.3
2756,1550.9711424000004,80.735
2757,1551.1235424000004,81.618
2758,1551.2759424000003,80.147
2759,1551.4283424000002,77.941
2760,1551.5807424000002,84.412
2761,1551.7331424000001,81.029
2762,1551.8855424,76.765
2763,1552.0379424,80.588
2764,1552.1903424000004,84.853
2765,1552.3427424000004,80.441
2766,1552.4951424000003,73.8
2767,1552.6475424000002,61.65
2768,1552.7999424000002,50.644
2769,1552.9523424000001,42.624
2770,1553.1047424,44.257
2771,1553.2571424,48.416
2772,1553.4095424000004,62.854
2773,1553.5619424000004,79.469
2774,1553.7143424000003,99.696
2775,1553.8667424000002,116.283
2776,1554.0191424000002,125.7
2777,1554.1715424000001,117.921
2778,1554.3239424,106.931
2779,1554.4763424,97.8
2780,1554.6287424000004,93.0
2781,1554.7811424000004,99.0
2782,1554.9335424000003,106.188
2783,1555.0859424000002,107.376
2784,1555.2383424000002,98.85
2785,1555.3907424000001,89.412
2786,1555.5431424,78.824
2787,1555.6955424,68.939
2788,1555.8479424000004,59.852
2789,1556.0003424000004,54.505
2790,1556.1527424000003,51.089
2791,1556.3051424000002,48.564
2792,1556.4575424000002,46.931
2793,1556.6099424000001,45.446
2794,1556.7623424,44.555
2795,1556.9147424,46.04
2796,1557.0671424000004,45.743
2797,1557.2195424000004,47.97
2798,1557.3719424000003,51.832
2799,1557.5243424000003,50.495
2800,1557.6767424000002,49.901
2801,1557.8291424000001,50.941
2802,1557.9815424,51.683
2803,1558.1339424,52.871
2804,1558.2863424000004,54.505
2805,1558.4387424000004,51.386
2806,1558.5911424000003,46.931
2807,1558.7435424000003,45.149
2808,1558.8959424000002,45.149
2809,1559.0483424000001,47.079
2810,1559.2007424,49.753
2811,1559.3531424,51.832
2812,1559.5055424000004,52.129
2813,1559.6579424000004,51.683
2814,1559.8103424000003,52.277
2815,1559.9627424000003,51.98
2816,1560.1151424000002,50.495
2817,1560.2675424000001,49.158
2818,1560.4199424,47.525
2819,1560.5723424,45.594
2820,1560.7247424000004,46.782
2821,1560.8771424000004,49.158
2822,1561.0295424000003,51.98
2823,1561.1819424000003,55.693
2824,1561.3343424000002,57.03
2825,1561.4867424000001,54.951
2826,1561.6391424,54.059
2827,1561.7915424,51.98
2828,1561.9439424000004,51.386
2829,1562.0963424000004,52.723
2830,1562.2487424000003,54.505
2831,1562.4011424000003,55.693
2832,1562.5535424000002,58.218
2833,1562.7059424000001,59.109
2834,1562.8583424,61.97
2835,1563.0107424,73.636
2836,1563.1631424000004,89.118
2837,1563.3155424000004,104.4
2838,1563.4679424000003,117.921
2839,1563.6203424000003,121.2
2840,1563.7727424000002,121.8
2841,1563.9251424000001,119.257
2842,1564.0775424,119.406
2843,1564.2299424,120.3
2844,1564.3823424000004,118.366
2845,1564.5347424000004,114.208
2846,1564.6871424000003,106.188
2847,1564.8395424000003,106.931
2848,1564.9919424000002,109.901
2849,1565.1443424000001,110.347
2850,1565.2967424,107.673
2851,1565.4491424,110.792
2852,1565.6015424000004,109.61
2853,1565.7539424000004,110.665
2854,1565.9063424000003,114.266
2855,1566.0587424000003,117.884
2856,1566.2111424000002,119.401
2857,1566.3635424000001,117.759
2858,1566.5159424,114.933
2859,1566.6683424,114.35
2860,1566.8207424000004,113.317
2861,1566.9731424000004,112.277
2862,1567.1255424000003,115.099
2863,1567.2779424000003,111.386
2864,1567.4303424000002,106.485
2865,1567.5827424000001,100.35
2866,1567.7351424,91.2
2867,1567.8875424,89.853
2868,1568.0399424000004,98.4
2869,1568.1923424000004,109.604
2870,1568.3447424000003,122.4
2871,1568.4971424000003,127.95
2872,1568.6495424000002,126.6
2873,1568.8019424000001,124.05
2874,1568.9543424,121.05
2875,1569.1067424,118.218
2876,1569.2591424000004,115.099
2877,1569.4115424000004,111.535
2878,1569.5639424000003,107.525
2879,1569.7163424000003,105.149
2880,1569.8687424000002,101.25
2881,1570.0211424000001,101.7
2882,1570.1735424,102.45
2883,1570.3259424,104.7
2884,1570.4783424000004,104.25
2885,1570.6307424000004,99.15
2886,1570.7831424000003,89.118
2887,1570.9355424000003,76.912
2888,1571.0879424000002,62.576
2889,1571.2403424000001,53.465
2890,1571.3927424,53.317
2891,1571.5451424,52.426
2892,1571.6975424000004,51.238
2893,1571.8499424000004,50.198
2894,1572.0023424000003,49.01
2895,1572.1547424000003,48.861
2896,1572.3071424000002,70.0
2897,1572.4595424000001,87.206
2898,1572.6119424,107.673
2899,1572.7643424,131.25
2900,1572.9167424000004,134.1
2901,1573.0691424000004,134.1
2902,1573.2215424000003,131.4
2903,1573.3739424000003,127.5
2904,1573.5263424000002,125.4
2905,1573.6787424000001,123.15
2906,1573.8311424,122.4
2907,1573.9835424,125.25
2908,1574.1359424000004,124.05
2909,1574.2883424000004,124.35
2910,1574.4407424000003,125.1
2911,1574.5931424000003,123.6
2912,1574.7455424000002,124.65
2913,1574.8979424000001,126.9
2914,1575.0503424,129.45
2915,1575.2027424,131.55
2916,1575.3551424000004,129.919
2917,1575.5075424000004,128.909
2918,1575.6599424000003,127.146
2919,1575.8123424000003,125.082
2920,1575.9647424000002,120.6
2921,1576.1171424000001,115.5
2922,1576.2695424,114.45
2923,1576.4219424,113.25
2924,1576.5743424000004,111.3
2925,1576.7267424000004,109.5
2926,1576.8791424000003,108.45
2927,1577.0315424000003,106.05
2928,1577.1839424000002,107.4
2929,1577.3363424000001,112.05
2930,1577.4887424,118.2
2931,1577.6411424,123.15
2932,1577.7935424000004,126.0
2933,1577.9459424000004,128.1
2934,1578.0983424000003,126.45
2935,1578.2507424000003,122.7
2936,1578.4031424000002,119.532
2937,1578.5555424000001,119.944
2938,1578.7079424,118.565
2939,1578.8603424,117.044
2940,1579.0127424000004,119.406
2941,1579.1651424000004,120.9
2942,1579.3175424000003,119.703
2943,1579.4699424000003,118.069
2944,1579.6223424000002,115.693
2945,1579.7747424000002,111.386
2946,1579.9271424,103.35
2947,1580.0795424,100.5
2948,1580.2319424000004,104.1
2949,1580.3843424000004,110.495
2950,1580.5367424000003,120.15
2951,1580.6891424000003,122.1
2952,1580.8415424000002,127.511
2953,1580.9939424000002,124.691
2954,1581.1463424,117.405
2955,1581.2987424,109.345
2956,1581.4511424000004,97.734
2957,1581.6035424000004,85.0
2958,1581.7559424000003,77.647
2959,1581.9083424000003,82.059
2960,1582.0607424000002,88.529
2961,1582.2131424000002,93.9
2962,1582.3655424,97.95
2963,1582.5179424,97.65
2964,1582.6703424000004,104.1
2965,1582.8227424000004,111.98
2966,1582.9751424000003,121.35
2967,1583.1275424000003,130.8
2968,1583.2799424000002,132.75
2969,1583.4323424000002,120.9
2970,1583.5847424,102.6
2971,1583.7371424,86.324
2972,1583.8895424000004,78.824
2973,1584.0419424000004,78.088
2974,1584.1943424000003,87.059
2975,1584.3467424000003,88.088
2976,1584.4991424000002,81.912
2977,1584.6515424000002,69.394
2978,1584.8039424,68.636
2979,1584.9563424,63.485
2980,1585.1087424000004,60.152
2981,1585.2611424000004,58.663
2982,1585.4135424000003,54.505
2983,1585.5659424000003,49.455
2984,1585.7183424000002,50.198
2985,1585.8707424000002,58.218
2986,1586.0231424,68.03
2987,1586.1755424,80.147
2988,1586.3279424000004,96.6
2989,1586.4803424000004,110.644
2990,1586.6327424000003,113.762
2991,1586.7851424000003,114.654
2992,1586.9375424000002,109.901
2993,1587.0899424000002,101.7
2994,1587.2423424,86.765
2995,1587.3947424,70.606
2996,1587.5471424,52.426
2997,1587.6995424000004,42.647
2998,1587.8519424000003,35.0
2999,1588.0043424000003,34.412
3000,1588.1567424000002,37.647
3001,1588.3091424000002,40.588
3002,1588.4615424,43.235
3003,1588.6139424,43.382
3004,1588.7663424,42.5
3005,1588.9187424000004,41.324
3006,1589.0711424000003,41.324
3007,1589.2235424000003,45.446
3008,1589.3759424000002,54.208
3009,1589.5283424000002,68.788
3010,1589.6807424,83.529
3011,1589.8331424,97.2
3012,1589.9855424,114.951
3013,1590.1379424000004,129.3
3014,1590.2903424000003,131.7
3015,1590.4427424000003,135.75
3016,1590.5951424000002,135.0
3017,1590.7475424000002,129.75
3018,1590.8999424,131.1
3019,1591.0523424,130.95
3020,1591.2047424,124.95
3021,1591.3571424000004,122.1
3022,1591.5095424000003,120.6
3023,1591.6619424000003,115.842
3024,1591.8143424000002,116.733
3025,1591.9667424000002,122.85
3026,1592.1191424,125.1
3027,1592.2715424,122.55
3028,1592.4239424,116.733
3029,1592.5763424000004,105.594
3030,1592.7287424000003,84.706
3031,1592.8811424000003,74.697
3032,1593.0335424000002,67.879
3033,1593.1859424000002,65.455
3034,1593.3383424,62.576
3035,1593.4907424,59.852
3036,1593.6431424,61.95
3037,1593.7955424000004,67.09
3038,1593.9479424000003,74.085
3039,1594.1003424000003,85.735
3040,1594.2527424000002,99.9
3041,1594.4051424000002,100.5
3042,1594.5575424,105.891
3043,1594.7099424,111.386
3044,1594.8623424,109.455
3045,1595.0147424000004,112.574
3046,1595.1671424000003,112.871
3047,1595.3195424000003,111.832
3048,1595.4719424000002,108.267
3049,1595.6243424000002,98.85
3050,1595.7767424,86.618
3051,1595.9291424,76.324
3052,1596.0815424,69.935
3053,1596.2339424000004,72.806
3054,1596.3863424000003,80.348
3055,1596.5387424000003,90.018
3056,1596.6911424000002,105.15
3057,1596.8435424000002,109.05
3058,1596.9959424,115.95
3059,1597.1483424,124.2
3060,1597.3007424,124.05
3061,1597.4531424000004,109.65
3062,1597.6055424000003,95.85
3063,1597.7579424000003,77.353
3064,1597.9103424000002,56.881
3065,1598.0627424000002,47.079
3066,1598.2151424,46.782
3067,1598.3675424,49.01
3068,1598.5199424,54.208
3069,1598.6723424000004,53.911
3070,1598.8247424000003,51.238
3071,1598.9771424000003,46.782
3072,1599.1295424000002,47.525
3073,1599.2819424000002,50.495
3074,1599.4343424,57.921
3075,1599.5867424,62.724
3076,1599.7391424,69.1
3077,1599.8915424000004,73.944
3078,1600.0439424000003,77.647
3079,1600.1963424000003,83.382
3080,1600.3487424000002,93.15
3081,1600.5011424000002,101.25
3082,1600.6535424,109.604
3083,1600.8059424,119.852
3084,1600.9583424,130.95
3085,1601.1107424000004,134.1
3086,1601.2631424000003,134.25
3087,1601.4155424000003,124.95
3088,1601.5679424000002,112.723
3089,1601.7203424000002,99.9
3090,1601.8727424,89.559
3091,1602.0251424,84.118
3092,1602.1775424,81.912
3093,1602.3299424000004,81.618
3094,1602.4823424000003,79.853
3095,1602.6347424000003,76.471
3096,1602.7871424000002,73.485
3097,1602.9395424000002,73.485
3098,1603.0919424,73.333
3099,1603.2443424,72.121
3100,1603.3967424,73.333
3101,1603.5491424000004,75.0
3102,1603.7015424000003,74.242
3103,1603.8539424000003,75.294
3104,1604.0063424000002,76.471
3105,1604.1587424000002,73.182
3106,1604.3111424,69.394
3107,1604.4635424,68.788
3108,1604.6159424,67.879
3109,1604.7683424000004,68.788
3110,1604.9207424000003,74.394
3111,1605.0731424000003,77.5
3112,1605.2255424000002,76.765
3113,1605.3779424000002,73.636
3114,1605.5303424,72.424
3115,1605.6827424,72.727
3116,1605.8351424,77.941
3117,1605.9875424000004,82.647
3118,1606.1399424000003,91.05
3119,1606.2923424000003,98.4
3120,1606.4447424000002,105.743
3121,1606.5971424000002,110.941
3122,1606.7495424,115.842
3123,1606.9019424,115.842
3124,1607.0543424,121.95
3125,1607.2067424000004,127.35
3126,1607.3591424000003,132.45
3127,1607.5115424000003,132.75
3128,1607.6639424000002,131.25
3129,1607.8163424000002,128.55
3130,1607.9687424,123.15
3131,1608.1211424,117.624
3132,1608.2735424,111.098
3133,1608.4259424000004,107.386
3134,1608.5783424000003,109.335
3135,1608.7307424000003,108.896
3136,1608.8831424000002,102.493
3137,1609.0355424000002,92.982
3138,1609.1879424,78.235
